0.0,-5.960464477539063e-08,0.5409146547317505,0.0,-0.7764605283737183,-0.03679228872060776
0.001669449081803005,0.0013606846332550049,0.5356969833374023,0.0,-0.7531525492668152,-0.034528865171394287
0.00333889816360601,0.0026872754096984863,0.5306612253189087,0.0,-0.7299143671989441,-0.032289892937583796
0.005008347245409015,0.003979206085205078,0.5258207321166992,0.0,-0.7067627906799316,-0.030075525501136593
0.00667779632721202,0.005235999822616577,0.5211873054504395,0.0,-0.6837115287780762,-0.027885554245795953
0.008347245409015025,0.006457269191741943,0.5167701244354248,0.0,-0.6607726216316223,-0.025719563429164573
0.01001669449081803,0.0076424479484558105,0.5125741958618164,0.0,-0.6379552483558655,-0.023576892929801564
0.011686143572621035,0.008791208267211914,0.508603572845459,0.0,-0.6152665615081787,-0.02145670232221559
0.01335559265442404,0.009903281927108765,0.5048595666885376,0.0,-0.5927116870880127,-0.019357979817561596
0.015025041736227046,0.010978221893310547,0.5013411045074463,0.0,-0.570294976234436,-0.017279734488620187
0.01669449081803005,0.012015759944915771,0.498045414686203,0.0,-0.5480195879936218,-0.015220921763991674
0.018363939899833055,0.01301562786102295,0.4949677288532257,0.0,-0.5258867144584656,-0.013180409900483381
0.02003338898163606,0.013977646827697754,0.4921012818813324,0.0,-0.5038979649543762,-0.01115722734238548
0.021702838063439065,0.014901518821716309,0.4894388020038605,0.0,-0.4820551574230194,-0.009150503116826181
0.02337228714524207,0.015787184238433838,0.4869702160358429,0.0,-0.4603581130504608,-0.007159358055295051
0.025041736227045076,0.016634494066238403,0.4846852123737335,0.0,-0.43880823254585266,-0.005183146192454336
0.02671118530884808,0.017443329095840454,0.48257210850715637,0.0,-0.417405903339386,-0.003221285637959415
0.028380634390651086,0.01821357011795044,0.48061850666999817,0.0,-0.39615288376808167,-0.001273443350857606
0.03005008347245409,0.018945306539535522,0.478810578584671,0.0,-0.3750508725643158,0.0006605438365661631
0.03171953255425709,0.019638538360595703,0.47713473439216614,0.0,-0.3541017770767212,0.0025807228629696533
0.0333889816360601,0.020293354988098145,0.4755759537220001,0.0,-0.3333088159561157,0.004486842643786748
0.035058430717863104,0.020909547805786133,0.47411975264549255,0.0,-0.3126760721206665,0.006378477750865363
0.03672787979966611,0.02148759365081787,0.47275087237358093,0.0,-0.292207270860672,0.008255076096183268
0.038397328881469114,0.022027552127838135,0.4714539349079132,0.0,-0.2719081938266754,0.010115784588262117
0.04006677796327212,0.0225294828414917,0.47021356225013733,0.0,-0.25178420543670654,0.011959656258308034
0.041736227045075125,0.02299368381500244,0.4690149128437042,0.0,-0.23184271156787872,0.013785491562844915
0.04340567612687813,0.023420333862304688,0.46784308552742004,0.0,-0.21209105849266052,0.01559197174910711
0.045075125208681135,0.02380979061126709,0.46668359637260437,0.0,-0.19253729283809662,0.017377643953878214
0.04674457429048414,0.024162232875823975,0.4655217230319977,0.0,-0.1731898933649063,0.019140889165994525
0.048414023372287146,0.024478018283843994,0.4643443524837494,0.0,-0.15405865013599396,0.02087998779145426
0.05008347245409015,0.024757444858551025,0.4631386697292328,0.0,-0.135153129696846,0.02259317627783013
0.05175292153589316,0.025000929832458496,0.46189209818840027,0.0,-0.11648380756378174,0.024278544296257087
0.05342237061769616,0.02520883083343506,0.46059325337409973,0.0,-0.09806057065725327,0.025934247828037396
0.05509181969949917,0.02538144588470459,0.45923152565956116,0.0,-0.07989434152841568,0.02755834897715779
0.05676126878130217,0.02551943063735962,0.4577970802783966,0.0,-0.061995889991521835,0.029148929591643592
0.05843071786310518,0.025622963905334473,0.45628103613853455,0.0,-0.04437579587101936,0.030704117340590798
0.06010016694490818,0.025692641735076904,0.4546753466129303,0.0,-0.027043743059039116,0.03222215109301081
0.06176961602671119,0.025728821754455566,0.452973335981369,0.0,-0.010011046193540096,0.03370122128914115
0.06343906510851419,0.025731921195983887,0.4511686861515045,1.555221388116479e-05,0.00671338802203536,0.034745372504226005
0.0651085141903172,0.025702595710754395,0.44925644993782043,0.00018528112559579313,0.023119820281863213,0.03517496276503811
0.0667779632721202,0.025641202926635742,0.4472326338291168,0.0005351743893697858,0.03919948264956474,0.03557567858014362
0.06844741235392321,0.025548279285430908,0.44509372115135193,0.0010567555436864495,0.0549442358314991,0.035946436728255975
0.07011686143572621,0.02542424201965332,0.44283780455589294,0.0017415552865713835,0.07034652680158615,0.03628634090452939
0.07178631051752922,0.025269746780395508,0.4404638111591339,0.0025811633095145226,0.08539978414773941,0.03659462891456878
0.07345575959933222,0.0250852108001709,0.4379707872867584,0.0035672520752996206,0.10009808838367462,0.0368706085994367
0.07512520868113523,0.024871110916137695,0.43535932898521423,0.004691579844802618,0.1144360601902008,0.037113793808749206
0.07679465776293823,0.024628043174743652,0.43263015151023865,0.0059460909105837345,0.1284097284078598,0.03732380530795391
0.07846410684474124,0.024356305599212646,0.42978575825691223,0.007322844583541155,0.14201554656028748,0.037500517182238714
0.08013355592654424,0.024056732654571533,0.42682769894599915,0.008814172819256783,0.15525150299072266,0.037643799791501245
0.08180300500834725,0.023729562759399414,0.42375972867012024,0.010412503965198994,0.16811564564704895,0.037753828969443584
0.08347245409015025,0.023375511169433594,0.42058512568473816,0.012110545299947262,0.1806073784828186,0.037830823763135284
0.08514190317195326,0.02299487590789795,0.4173077642917633,0.01390124298632145,0.19272693991661072,0.03787515893678037
0.08681135225375626,0.02258831262588501,0.41393211483955383,0.01577773503959179,0.20447514951229095,0.037887353795846436
0.08848080133555927,0.022156238555908203,0.41046300530433655,0.01773352175951004,0.21585428714752197,0.03786805803096155
0.09015025041736227,0.021699190139770508,0.40690556168556213,0.019762245938181877,0.22686675190925598,0.03781803383652077
0.09181969949916528,0.021217674016952515,0.4032652676105499,0.02185779996216297,0.2375156432390213,0.03773814846010559
0.09348914858096828,0.02071210741996765,0.3995470702648163,0.024014487862586975,0.24780535697937012,0.03762928777574896
0.0951585976627713,0.020182907581329346,0.3957570493221283,0.026226738467812538,0.25774046778678894,0.037492531372579394
0.09682804674457429,0.01963081955909729,0.3919007480144501,0.02848922275006771,0.26732590794563293,0.037328952134202835
0.0984974958263773,0.019056081771850586,0.38798394799232483,0.03079703450202942,0.2765679359436035,0.037139710116018236
0.1001669449081803,0.01845911145210266,0.3840123116970062,0.03314535692334175,0.28547245264053345,0.036925985489992146
0.10183639398998331,0.017840415239334106,0.3799920380115509,0.03552965074777603,0.2940462529659271,0.036689082852787096
0.10350584307178631,0.017200440168380737,0.37592843174934387,0.037945717573165894,0.3022964596748352,0.036430211433633945
0.10517529215358933,0.016539722681045532,0.3718269169330597,0.04038951173424721,0.3102303147315979,0.03615063708617612
0.10684474123539232,0.01585853099822998,0.36769339442253113,0.042857229709625244,0.3178555965423584,0.03585170762044361
0.10851419031719532,0.015157431364059448,0.363532692193985,0.04534529894590378,0.32517996430397034,0.03553464418659624
0.11018363939899833,0.014436662197113037,0.3593502938747406,0.04785044118762016,0.33221185207366943,0.035200778948444755
0.11185308848080133,0.013696789741516113,0.3551510274410248,0.05036940425634384,0.3389590382575989,0.03485135987823913
0.11352253756260434,0.012938201427459717,0.3509396016597748,0.05289938673377037,0.3454302251338959,0.03448762526247458
0.11519198664440734,0.012161076068878174,0.3467208445072174,0.05543752387166023,0.3516334593296051,0.03411083052398167
0.11686143572621036,0.01136597990989685,0.34249910712242126,0.05798126384615898,0.3575771749019623,0.03372216254024951
0.11853088480801335,0.010553151369094849,0.338278204202652,0.06052830442786217,0.3632698059082031,0.033322738898367635
0.12020033388981637,0.009723097085952759,0.3340624272823334,0.06307634711265564,0.36871960759162903,0.032913731574663936
0.12186978297161936,0.008876234292984009,0.32985541224479675,0.06562335789203644,0.37393495440483093,0.032496213825273394
0.12353923205342238,0.00801268219947815,0.32566037774086,0.06816750764846802,0.37892401218414307,0.0320711776950025
0.12520868113522537,0.007132738828659058,0.3214809000492096,0.07070694118738174,0.38369473814964294,0.03163966961789609
0.12687813021702837,0.006237059831619263,0.3173198997974396,0.07324003428220749,0.3882550895214081,0.031202617936296535
0.1285475792988314,0.005325675010681152,0.31318017840385437,0.07576536387205124,0.39261293411254883,0.030760923052868983
0.1302170283806344,0.004399031400680542,0.3090645372867584,0.07828149944543839,0.3967759609222412,0.030315473821878637
0.1318864774624374,0.0034574270248413086,0.30497512221336365,0.08078723400831223,0.4007515013217926,0.029867033555307655
0.1335559265442404,0.002501159906387329,0.30091455578804016,0.08328130841255188,0.404546856880188,0.029416432247834537
0.13522537562604342,0.0015304088592529297,0.2968843877315521,0.08576277643442154,0.40816912055015564,0.02896431660985509
0.13689482470784642,0.0005455613136291504,0.2928868234157562,0.088230662047863,0.41162532567977905,0.028511420896087148
0.13856427378964942,-0.00045302510261535645,0.2889231741428375,0.09068413823843002,0.41492199897766113,0.028058316566062492
0.14023372287145242,-0.0014652609825134277,0.28499534726142883,0.09312234073877335,0.41806572675704956,0.027605657408228502
0.14190317195325544,-0.0024907290935516357,0.28110459446907043,0.09554459899663925,0.42106279730796814,0.027153982099562338
0.14357262103505844,-0.0035292208194732666,0.27725204825401306,0.09795026481151581,0.4239192605018616,0.026703791319080107
0.14524207011686144,-0.004580587148666382,0.2734384834766388,0.1003388836979866,0.42664095759391785,0.02625550751470166
0.14691151919866444,-0.005644500255584717,0.2696652114391327,0.10270988941192627,0.42923375964164734,0.025809635835791468
0.14858096828046746,-0.006720632314682007,0.2659325897693634,0.1050628274679184,0.43170273303985596,0.02536650261777968
0.15025041736227046,-0.007808893918991089,0.26224157214164734,0.10739743709564209,0.4340536296367645,0.024926522485476506
0.15191986644407346,-0.008909046649932861,0.25859299302101135,0.10971314460039139,0.4362911880016327,0.02449008063389881
0.15358931552587646,-0.010020703077316284,0.25498655438423157,0.1120099201798439,0.43842026591300964,0.02405735587698092
0.15525876460767948,-0.01114383339881897,0.2514231503009796,0.11428739875555038,0.4404456913471222,0.023628715900875296
0.15692821368948248,-0.012278228998184204,0.24790266156196594,0.11654549092054367,0.4423718750476837,0.02320434566624525
0.15859766277128548,-0.013423532247543335,0.24442556500434875,0.11878395080566406,0.4442031681537628,0.022784520844572873
0.16026711185308848,-0.014579683542251587,0.24099168181419373,0.12100271135568619,0.44594359397888184,0.022369398456844245
0.16193656093489148,-0.01574629545211792,0.2376011312007904,0.1232016533613205,0.4475971758365631,0.021959169982980708
0.1636060100166945,-0.01692342758178711,0.2342539131641388,0.125380739569664,0.44916775822639465,0.021554000639606996
0.1652754590984975,-0.01811075210571289,0.2309495508670807,0.1275400072336197,0.45065879821777344,0.02115396754023229
0.1669449081803005,-0.0193081796169281,0.2276882827281952,0.1296793669462204,0.45207393169403076,0.02075924800867479
0.1686143572621035,-0.020515531301498413,0.22446957230567932,0.13179892301559448,0.4534164071083069,0.020369899786934133
0.17028380634390652,-0.021732449531555176,0.2212931215763092,0.13389872014522552,0.4546893239021301,0.019985999243461432
0.17195325542570952,-0.02295905351638794,0.2181587517261505,0.1359787881374359,0.4558958113193512,0.019607633736314183
0.17362270450751252,-0.024194806814193726,0.21506616473197937,0.13803918659687042,0.4570387601852417,0.019234873859743543
0.17529215358931552,-0.025439977645874023,0.2120145857334137,0.14008012413978577,0.45812082290649414,0.01886769260539485
0.17696160267111855,-0.026694178581237793,0.2090040147304535,0.14210161566734314,0.45914480090141296,0.018506191114899713
0.17863105175292154,-0.02795720100402832,0.20603343844413757,0.14410391449928284,0.46011295914649963,0.018150295441245697
0.18030050083472454,-0.029229074716567993,0.2031027376651764,0.14608711004257202,0.46102795004844666,0.017800074502303326
0.18196994991652754,-0.030509531497955322,0.20021113753318787,0.1480514407157898,0.46189191937446594,0.017455479869298723
0.18363939899833057,-0.03179851174354553,0.1973583996295929,0.14999696612358093,0.46270713210105896,0.017116551030309055
0.18530884808013356,-0.03309577703475952,0.19454380869865417,0.15192387998104095,0.46347561478614807,0.016783243654379762
0.18697829716193656,-0.03440123796463013,0.1917666494846344,0.15383252501487732,0.46419939398765564,0.01645550111709831
0.18864774624373956,-0.03571486473083496,0.18902668356895447,0.15572291612625122,0.46488040685653687,0.016133348377909706
0.1903171953255426,-0.037036359310150146,0.18632283806800842,0.1575954556465149,0.46552032232284546,0.015816668648963084
0.19198664440734559,-0.03836578130722046,0.1836547553539276,0.15945026278495789,0.46612095832824707,0.01550545745991009
0.19365609348914858,-0.0397028923034668,0.1810217797756195,0.1612875610589981,0.466683954000473,0.01519965576489949
0.19532554257095158,-0.04104757308959961,0.17842337489128113,0.16310761868953705,0.46721088886260986,0.014899219978034796
0.1969949916527546,-0.04239973425865173,0.17585882544517517,0.16491062939167023,0.4677032232284546,0.014604082578429349
0.1986644407345576,-0.04375934600830078,0.17332741618156433,0.16669690608978271,0.46816232800483704,0.014314158070670794
0.2003338898163606,-0.04512622952461243,0.17082878947257996,0.16846656799316406,0.4685896933078766,0.01402943378877212
0.2020033388981636,-0.046500205993652344,0.16836175322532654,0.17022015154361725,0.46898648142814636,0.013749739952627973
0.20367278797996663,-0.04788127541542053,0.1659264862537384,0.17195752263069153,0.4693540930747986,0.013475146318299198
0.20534223706176963,-0.04926922917366028,0.16352173686027527,0.17367923259735107,0.4696935713291168,0.013205473513057914
0.20701168614357263,-0.05066418647766113,0.1611470878124237,0.17538543045520782,0.4700060784816742,0.012940681676297933
0.20868113522537562,-0.05206581950187683,0.15880176424980164,0.17707642912864685,0.4702925980091095,0.012680667803742503
0.21035058430717865,-0.05347418785095215,0.15648552775382996,0.1787523776292801,0.4705543518066406,0.012425414945320765
0.21202003338898165,-0.054889142513275146,0.1541976034641266,0.1804136037826538,0.4707922339439392,0.012174824567104323
0.21368948247078465,-0.05631053447723389,0.15193721652030945,0.18206040561199188,0.4710070788860321,0.011928780719432638
0.21535893155258765,-0.057738423347473145,0.1497037708759308,0.18369311094284058,0.4711998701095581,0.01168720573000299
0.21702838063439064,-0.059172630310058594,0.14749684929847717,0.18531185388565063,0.4713713824748993,0.011450049307396347
0.21869782971619367,-0.060613036155700684,0.14531591534614563,0.18691694736480713,0.47152259945869446,0.01121724067109704
0.22036727879799667,-0.0620596706867218,0.1431601345539093,0.18850871920585632,0.47165408730506897,0.010988654837615554
0.22203672787979967,-0.06351238489151001,0.1410292685031891,0.19008736312389374,0.47176679968833923,0.01076426014198435
0.22370617696160267,-0.06497108936309814,0.1389225423336029,0.19165311753749847,0.47186124324798584,0.010543954045587967
0.2253756260434057,-0.0664357841014862,0.1368395984172821,0.19320634007453918,0.4719383120536804,0.01032767517426874
0.2270450751252087,-0.06790632009506226,0.13477960228919983,0.19474729895591736,0.4719984233379364,0.010115298637669405
0.2287145242070117,-0.06938263773918152,0.13274219632148743,0.1962762176990509,0.4720423221588135,0.00990677880098381
0.2303839732888147,-0.07086476683616638,0.13072696328163147,0.1977933943271637,0.47207069396972656,0.009702047305134978
0.2320534223706177,-0.07235252857208252,0.12873324751853943,0.19929902255535126,0.4720839262008667,0.009501012694246087
0.2337228714524207,-0.07384583353996277,0.12676069140434265,0.20079343020915985,0.4720827043056488,0.009303610986456252
0.2353923205342237,-0.07534483075141907,0.12480881810188293,0.20227675139904022,0.4720675051212311,0.00910977712888364
0.2370617696160267,-0.07684922218322754,0.1228770911693573,0.2037494033575058,0.4720388948917389,0.00891942348407398
0.23873121869782973,-0.07835906744003296,0.12096503376960754,0.2052115947008133,0.47199732065200806,0.008732473776708414
0.24040066777963273,-0.07987424731254578,0.11907210946083069,0.206663578748703,0.4719431400299072,0.008548846190098755
0.24207011686143573,-0.08139482140541077,0.1171979010105133,0.20810566842556,0.4718768894672394,0.008368469198671277
0.24373956594323873,-0.08292049169540405,0.11534234881401062,0.20953789353370667,0.4717991054058075,0.008191340055024384
0.24540901502504175,-0.08445149660110474,0.11350449919700623,0.2109607458114624,0.4717099964618683,0.008017303507684892
0.24707846410684475,-0.08598771691322327,0.11168435215950012,0.21237431466579437,0.4716101288795471,0.007846354993172178
0.24874791318864775,-0.08752894401550293,0.10988125205039978,0.2137790024280548,0.47149986028671265,0.0076783893651675705
0.25041736227045075,-0.0890752375125885,0.10809507966041565,0.2151748389005661,0.4713795483112335,0.007513387904087321
0.25208681135225375,-0.0906265377998352,0.10632523894309998,0.2165622115135193,0.471249520778656,0.007351250632453044
0.25375626043405675,-0.09218275547027588,0.10457143187522888,0.2179412841796875,0.47111010551452637,0.0071919311238343945
0.2554257095158598,-0.0937439501285553,0.10283324122428894,0.2193124145269394,0.47096168994903564,0.007035351054002853
0.2570951585976628,-0.09531006217002869,0.1011105477809906,0.22067557275295258,0.4708045721054077,0.006881499293653642
0.2587646076794658,-0.0968809723854065,0.09940269589424133,0.22203128039836884,0.47063905000686646,0.0067302591480681686
0.2604340567612688,-0.09845668077468872,0.09770956635475159,0.22337964177131653,0.4704655110836029,0.006581609615922374
0.2621035058430718,-0.10003703832626343,0.09603098034858704,0.22472073137760162,0.47028419375419617,0.006435522152179346
0.2637729549248748,-0.10162222385406494,0.09436628222465515,0.22605501115322113,0.47009530663490295,0.006291881086575319
0.2654424040066778,-0.10321205854415894,0.09271541237831116,0.22738254070281982,0.4698992073535919,0.006150677105884544
0.2671118530884808,-0.10480648279190063,0.09107798337936401,0.22870364785194397,0.46969616413116455,0.006011838777665552
0.2687813021702838,-0.10640555620193481,0.08945402503013611,0.2300182282924652,0.46948641538619995,0.0058753779762811655
0.27045075125208684,-0.10800909996032715,0.0878429114818573,0.23132683336734772,0.4692702293395996,0.005741178379541823
0.27212020033388984,-0.10961735248565674,0.08624440431594849,0.23262955248355865,0.46904775500297546,0.005609201104730022
0.27378964941569284,-0.11123001575469971,0.08465844392776489,0.23392657935619354,0.46881937980651855,0.005479425872296707
0.27545909849749584,-0.11284711956977844,0.08308467268943787,0.2352181077003479,0.4685852825641632,0.0053517979204744884
0.27712854757929883,-0.11446869373321533,0.08152303099632263,0.2365042269229889,0.46834567189216614,0.005226297924319945
0.27879799666110183,-0.11609464883804321,0.0799732506275177,0.23778511583805084,0.46810078620910645,0.005102886442322041
0.28046744574290483,-0.11772501468658447,0.07843485474586487,0.2390611618757248,0.4678507447242737,0.00498146999297735
0.28213689482470783,-0.11935961246490479,0.07690796256065369,0.24033236503601074,0.4675959050655365,0.004862065316809151
0.2838063439065109,-0.12099868059158325,0.07539224624633789,0.24159899353981018,0.4673364460468292,0.0047446171398226435
0.2854757929883139,-0.12264195084571838,0.07388755679130554,0.2428610622882843,0.467072457075119,0.004629096777282521
0.2871452420701169,-0.12428945302963257,0.07239377498626709,0.2441188246011734,0.46680423617362976,0.004515477500230897
0.2888146911519199,-0.12594133615493774,0.0709105134010315,0.24537251889705658,0.466531902551651,0.004403692835519008
0.2904841402337229,-0.1275973618030548,0.06943786144256592,0.24662216007709503,0.46625569462776184,0.00429374969821697
0.2921535893155259,-0.12925755977630615,0.06797552108764648,0.24786803126335144,0.4659758508205414,0.004185595352183997
0.2938230383973289,-0.13092190027236938,0.0665234625339508,0.24911008775234222,0.465692400932312,0.004079223813672545
0.29549248747913187,-0.13259053230285645,0.065081387758255,0.25034868717193604,0.4654056131839752,0.003974576479209607
0.2971619365609349,-0.13426315784454346,0.06364932656288147,0.2515838146209717,0.46511566638946533,0.003871654815628245
0.2988313856427379,-0.13593998551368713,0.062227070331573486,0.2528156340122223,0.4648227095603943,0.003770422664329487
0.3005008347245409,-0.13762080669403076,0.060814470052719116,0.2540443539619446,0.4645269215106964,0.0036708404906700466
0.3021702838063439,-0.13930577039718628,0.05941140651702881,0.2552700638771057,0.46422842144966125,0.0035728958498520203
0.3038397328881469,-0.14099469780921936,0.05801793932914734,0.2564927339553833,0.46392741799354553,0.003476590674369751
0.3055091819699499,-0.14268773794174194,0.05663377046585083,0.2577126622200012,0.4636240005493164,0.0033818697018699662
0.3071786310517529,-0.1443847119808197,0.05525889992713928,0.25892987847328186,0.4633183777332306,0.0032887246086571566
0.3088480801335559,-0.1460857391357422,0.05389323830604553,0.26014450192451477,0.4630106985569,0.0031971419487616505
0.31051752921535897,-0.14779070019721985,0.052536725997924805,0.2613565921783447,0.46270114183425903,0.003107107403098869
0.31218697829716197,-0.14949962496757507,0.05118924379348755,0.2625662386417389,0.46238973736763,0.0030185925896133396
0.31385642737896496,-0.1512124240398407,0.049850642681121826,0.26377367973327637,0.46207672357559204,0.002931570965611691
0.31552587646076796,-0.1529291868209839,0.0485210120677948,0.2649788558483124,0.4617622196674347,0.002846051681338219
0.31719532554257096,-0.15464997291564941,0.047200292348861694,0.2661818563938141,0.4614464342594147,0.0027620211860494626
0.31886477462437396,-0.1563744843006134,0.04588833451271057,0.26738277077674866,0.46112939715385437,0.0026794527507875312
0.32053422370617696,-0.15810292959213257,0.04458492994308472,0.2685818076133728,0.46081122756004333,0.002598303988733747
0.32220367278797996,-0.15983524918556213,0.043290406465530396,0.26977869868278503,0.4604920744895935,0.002518632193688747
0.32387312186978295,-0.1615714132785797,0.042004406452178955,0.27097392082214355,0.460172176361084,0.002440364623538688
0.325542570951586,-0.16331139206886292,0.04072701930999756,0.27216729521751404,0.45985156297683716,0.00236351661018146
0.327212020033389,-0.16505521535873413,0.039458274841308594,0.2733588218688965,0.4595303535461426,0.002288095220027087
0.328881469115192,-0.16680285334587097,0.038197845220565796,0.27454882860183716,0.459208607673645,0.0022140307028355012
0.330550918196995,-0.1685541570186615,0.03694608807563782,0.2757370173931122,0.45888662338256836,0.0021413905387480006
0.332220367278798,-0.17030936479568481,0.03570276498794556,0.27692362666130066,0.4585644006729126,0.002070125449158855
0.333889816360601,-0.1720682680606842,0.034467846155166626,0.2781086564064026,0.4582419991493225,0.0020002308764082155
0.335559265442404,-0.17383098602294922,0.033241450786590576,0.27929210662841797,0.457919716835022,0.001931719381709307
0.337228714524207,-0.17559731006622314,0.032023459672927856,0.2804740369319916,0.4575975239276886,0.001864572262940678
0.33889816360601005,-0.1773674190044403,0.030813783407211304,0.2816544771194458,0.45727548003196716,0.0017987706229852186
0.34056761268781305,-0.1791413426399231,0.02961251139640808,0.282833456993103,0.45695382356643677,0.001734325774501816
0.34223706176961605,-0.18091881275177002,0.028419673442840576,0.2840109169483185,0.4566326141357422,0.001671243337440137
0.34390651085141904,-0.18270015716552734,0.027235209941864014,0.28518691658973694,0.4563119411468506,0.0016095058815161212
0.34557595993322204,-0.18448498845100403,0.02605915069580078,0.2863614559173584,0.4559919536113739,0.0015491190819767076
0.34724540901502504,-0.18627354502677917,0.02489161491394043,0.2875343859195709,0.4556727707386017,0.0014901059715933197
0.34891485809682804,-0.188065767288208,0.023732125759124756,0.2887061536312103,0.4553542733192444,0.001432373304603557
0.35058430717863104,-0.18986165523529053,0.02258133888244629,0.28987616300582886,0.45503684878349304,0.0013760399061264084
0.3522537562604341,-0.19166111946105957,0.021438688039779663,0.2910448908805847,0.4547203481197357,0.0013210043260296735
0.3539232053422371,-0.19346415996551514,0.02030453085899353,0.29221200942993164,0.4544050097465515,0.0012673251299513688
0.3555926544240401,-0.1952708661556244,0.019178807735443115,0.29337766766548157,0.45409095287323,0.0012149892560923915
0.3572621035058431,-0.19708117842674255,0.018061399459838867,0.29454177618026733,0.45377808809280396,0.0011639831173294924
0.3589315525876461,-0.19889503717422485,0.016952604055404663,0.295704185962677,0.4534667134284973,0.0011143535111668545
0.3606010016694491,-0.20071256160736084,0.015852153301239014,0.2968650758266449,0.45315682888031006,0.0010660476956429244
0.3622704507512521,-0.20253345370292664,0.014760226011276245,0.2980242371559143,0.4528484642505646,0.0010191046225967893
0.3639398998330551,-0.20435801148414612,0.013676702976226807,0.2991817891597748,0.4525417387485504,0.0009734941426428834
0.36560934891485813,-0.20618602633476257,0.012601673603057861,0.30033761262893677,0.45223674178123474,0.0009292381767863124
0.36727879799666113,-0.20801761746406555,0.011535286903381348,0.30149146914482117,0.4519335627555847,0.0008863654032140012
0.36894824707846413,-0.20985272526741028,0.01047709584236145,0.30264386534690857,0.45163217186927795,0.0008447846723669439
0.37061769616026713,-0.21169129014015198,0.009427756071090698,0.30379408597946167,0.45133283734321594,0.0008046260154302488
0.3722871452420701,-0.21353334188461304,0.008386880159378052,0.30494242906570435,0.4510354995727539,0.000765811210038797
0.3739565943238731,-0.21537885069847107,0.007354527711868286,0.30608880519866943,0.45074018836021423,0.0007283579595069589
0.3756260434056761,-0.21722790598869324,0.0063307881355285645,0.30723318457603455,0.45044708251953125,0.0006922732034612078
0.3772954924874791,-0.21908026933670044,0.00531575083732605,0.3083752989768982,0.45015624165534973,0.0006575847289655712
0.3789649415692821,-0.22093608975410461,0.004309266805648804,0.30951523780822754,0.4498676061630249,0.0006242645129421465
0.3806343906510852,-0.22279539704322815,0.0033115744590759277,0.31065282225608826,0.44958141446113586,0.0005923523454203439
0.3823038397328882,-0.2246580421924591,0.002322465181350708,0.3117881119251251,0.44929754734039307,0.0005618133752453014
0.38397328881469117,-0.22652417421340942,0.0013420581817626953,0.3129209876060486,0.4490162134170532,0.0005326707002855313
0.38564273789649417,-0.22839361429214478,0.00037047266960144043,0.31405118107795715,0.44873738288879395,0.0005049503672627909
0.38731218697829717,-0.23026636242866516,0.0,0.31517887115478516,0.44912633299827576,0.0005554793498949939
0.38898163606010017,-0.23214253783226013,0.0,0.31630387902259827,0.4499271810054779,0.0006543527735095589
0.39065108514190316,-0.23402205109596252,0.0,0.31742605566978455,0.45072460174560547,0.0007535182598835233
0.39232053422370616,-0.23590487241744995,0.0,0.3185454308986664,0.45151862502098083,0.0008529698485524096
0.3939899833055092,-0.23779095709323883,0.0,0.3196616768836975,0.4523090422153473,0.0009527313813741334
0.3956594323873122,-0.23968040943145752,0.0,0.3207748532295227,0.4530959129333496,0.0010527909374197287
0.3973288814691152,-0.2415730506181717,0.0,0.32188495993614197,0.4538792669773102,0.0011531514969214396
0.3989983305509182,-0.2434689700603485,0.0,0.32299157977104187,0.4546588063240051,0.0012538369017371766
0.4006677796327212,-0.24536822736263275,0.0,0.32409510016441345,0.45543479919433594,0.0013548203297767904
0.4023372287145242,-0.2472706437110901,0.0,0.32519495487213135,0.45620694756507874,0.0014561330734787882
0.4040066777963272,-0.24917632341384888,0.0,0.32629117369651794,0.45697522163391113,0.0015577736427270505
0.4056761268781302,-0.251085102558136,0.0,0.32738372683525085,0.4577396512031555,0.0016597435276376972
0.40734557595993326,-0.25299715995788574,0.0,0.32847240567207336,0.45850011706352234,0.00176205017879133
0.40901502504173626,-0.25491228699684143,0.0,0.32955724000930786,0.4592566192150116,0.0018646921060718191
0.41068447412353926,-0.2568306028842926,0.0,0.33063793182373047,0.46000900864601135,0.001967682720524244
0.41235392320534225,-0.25875216722488403,0.0,0.3317144513130188,0.4607572555541992,0.0020710264924969635
0.41402337228714525,-0.2606767416000366,0.0,0.3327866494655609,0.4615013301372528,0.0021747264022222157
0.41569282136894825,-0.26260438561439514,0.0,0.333854615688324,0.4622412323951721,0.0022787794694677623
0.41736227045075125,-0.26453518867492676,0.0,0.3349180519580841,0.4629768431186676,0.0023831961250464387
0.41903171953255425,-0.26646894216537476,0.0,0.3359766900539398,0.46370798349380493,0.0024879957404677967
0.4207011686143573,-0.26840585470199585,0.0,0.33703064918518066,0.4644347131252289,0.0025931663948028875
0.4223706176961603,-0.2703457176685333,0.0,0.33807966113090515,0.4651569426059723,0.0026987229892128928
0.4240400667779633,-0.27228862047195435,0.0,0.3391236364841461,0.465874582529068,0.002804668503930058
0.4257095158597663,-0.274234414100647,0.0,0.34016260504722595,0.46658769249916077,0.0029109984686060244
0.4273789649415693,-0.2761833071708679,0.0,0.34119629859924316,0.4672960937023163,0.0030177307646342246
0.4290484140233723,-0.27813515067100525,0.0,0.3422246277332306,0.46799975633621216,0.0031248639018985392
0.4307178631051753,-0.280089795589447,0.0,0.3432474732398987,0.4686985909938812,0.0032324053309795656
0.4323873121869783,-0.28204748034477234,0.0,0.3442646861076355,0.4693925976753235,0.0033403625024579
0.4340567612687813,-0.2840079069137573,0.0,0.3452761471271515,0.470081627368927,0.003448739886681901
0.43572621035058434,-0.2859712541103363,0.0,0.3462817668914795,0.4707656800746918,0.003557537483651574
0.43739565943238734,-0.28793755173683167,0.0,0.347281277179718,0.47144460678100586,0.00366677466487646
0.43906510851419034,-0.2899065613746643,0.0,0.34827491641044617,0.4721185863018036,0.003776433548963132
0.44073455759599334,-0.2918784022331238,0.0,0.34926220774650574,0.4727872908115387,0.0038865364876533807
0.44240400667779634,-0.2938529849052429,0.0,0.35024315118789673,0.47345075011253357,0.003997086461179445
0.44407345575959933,-0.29583048820495605,0.0,0.35121768712997437,0.4741089940071106,0.004108083469541324
0.44574290484140233,-0.29781046509742737,0.0,0.35218551754951477,0.4747617840766907,0.004219540923784093
0.44741235392320533,-0.2997933626174927,0.0,0.35314691066741943,0.4754093289375305,0.004331443922746559
0.4490818030050084,-0.3017789125442505,0.0,0.35410135984420776,0.47605133056640625,0.0044438177984027554
0.4507512520868114,-0.30376702547073364,0.0,0.35504892468452454,0.47668787837028503,0.004556658080404313
0.4524207011686144,-0.30575793981552124,0.0,0.3559894561767578,0.47731882333755493,0.004669972219331836
0.4540901502504174,-0.307751327753067,0.0,0.3569227457046509,0.47794410586357117,0.00478376915588204
0.4557595993322204,-0.3097473978996277,0.0,0.3578489124774933,0.4785637855529785,0.004898038459242088
0.4574290484140234,-0.3117460310459137,0.0,0.35876762866973877,0.47917771339416504,0.0050127995009215335
0.4590984974958264,-0.31374719738960266,0.0,0.3596789538860321,0.4797859191894531,0.005128046320455899
0.4607679465776294,-0.3157508969306946,0.0,0.3605826199054718,0.48038825392723083,0.005243792328890257
0.4624373956594324,-0.31775712966918945,0.0,0.36147868633270264,0.48098477721214294,0.005360033055876257
0.4641068447412354,-0.3197658061981201,0.0,0.3623669743537903,0.4815753996372223,0.005476775951994484
0.4657762938230384,-0.3217769265174866,0.0,0.36324742436408997,0.4821600914001465,0.0055940225073610635
0.4674457429048414,-0.3237904906272888,0.0,0.36411988735198975,0.48273879289627075,0.005711778682440472
0.4691151919866444,-0.3258064389228821,0.0,0.36498433351516724,0.4833114743232727,0.005830045967348829
0.4707846410684474,-0.32782477140426636,0.0,0.3658404052257538,0.483877956867218,0.00594883926324733
0.4724540901502504,-0.32984551787376404,0.0,0.36668840050697327,0.484438419342041,0.00606814366897478
0.4741235392320534,-0.3318685293197632,0.0,0.3675280511379242,0.48499274253845215,0.006187971105460133
0.47579298831385647,-0.3338938057422638,0.0,0.3683592677116394,0.48554086685180664,0.006308326043051754
0.47746243739565947,-0.3359214663505554,0.0,0.3691820800304413,0.48608285188674927,0.006429202521285155
0.47913188647746247,-0.33795130252838135,0.0,0.3699960708618164,0.48661842942237854,0.006550622891902131
0.48080133555926546,-0.33998340368270874,0.0,0.3708016276359558,0.48714786767959595,0.006672566293277011
0.48247078464106846,-0.34201765060424805,0.0,0.37159842252731323,0.48767098784446716,0.00679504464633875
0.48414023372287146,-0.34405407309532166,0.0,0.3723863661289215,0.4881877601146698,0.006918066891784064
0.48580968280467446,-0.3460926413536072,0.0,0.3731655180454254,0.48869821429252625,0.007041622598800118
0.48747913188647746,-0.3481333553791046,0.0,0.3739356994628906,0.48920226097106934,0.007165720708083629
0.48914858096828046,-0.3501760959625244,0.0,0.3746967613697052,0.4896998405456543,0.007290371650447431
0.4908180300500835,-0.35222098231315613,0.0,0.3754490315914154,0.49019119143486023,0.007415554564265858
0.4924874791318865,-0.3542679250240326,0.0,0.37619197368621826,0.4906759262084961,0.007541294781512931
0.4941569282136895,-0.3563167452812195,0.0,0.37692582607269287,0.491154283285141,0.007667578891143579
0.4958263772954925,-0.3583676218986511,0.0,0.3776504397392273,0.49162617325782776,0.007794414343738398
0.4974958263772955,-0.36042043566703796,0.0,0.37836578488349915,0.492091566324234,0.00792180113929739
0.4991652754590985,-0.3624752461910248,0.0,0.37907183170318604,0.49255046248435974,0.008049737787704436
0.5008347245409015,-0.36453187465667725,0.0,0.3797687292098999,0.4930030405521393,0.008178215348262819
0.5025041736227045,-0.3665904104709625,0.0,0.38045600056648254,0.493448942899704,0.008307259152946568
0.5041736227045075,-0.3686508536338806,0.0,0.38113394379615784,0.49388837814331055,0.00843684983024613
0.5058430717863105,-0.3707129955291748,0.0,0.38180235028266907,0.4943212568759918,0.008567000791206581
0.5075125208681135,-0.3727770447731018,0.0,0.38246142864227295,0.49474772810935974,0.008697694154434488
0.5091819699499165,-0.3748428225517273,0.0,0.383110910654068,0.49516764283180237,0.008828947801323284
0.5108514190317196,-0.37691038846969604,0.0,0.3837509751319885,0.49558112025260925,0.008960749810944024
0.5125208681135226,-0.37897950410842896,0.0,0.3843814432621002,0.49598804116249084,0.009093104653645045
0.5141903171953256,-0.3810504674911499,0.0,0.38500237464904785,0.4963884949684143,0.009226010839310239
0.5158597662771286,-0.3831230103969574,0.0,0.3856138288974762,0.496782511472702,0.009359465387707367
0.5175292153589316,-0.38519713282585144,0.0,0.38621559739112854,0.49716997146606445,0.009493474259300905
0.5191986644407346,-0.38727298378944397,0.0,0.3868078887462616,0.4975510537624359,0.00962802702327802
0.5208681135225376,-0.38935035467147827,0.0,0.3873905837535858,0.49792566895484924,0.009763131130219305
0.5225375626043406,-0.3914293646812439,0.0,0.3879636526107788,0.49829384684562683,0.009898782109776405
0.5242070116861436,-0.3935096859931946,0.0,0.3885272741317749,0.49865564703941345,0.010034971021252604
0.5258764607679466,-0.395591676235199,0.0,0.38908126950263977,0.4990110397338867,0.010171708295460736
0.5275459098497496,-0.397675096988678,0.0,0.38962575793266296,0.4993600845336914,0.010308983501587966
0.5292153589315526,-0.3997599482536316,0.0,0.39016059041023254,0.49970269203186035,0.01044680707044713
0.5308848080133556,-0.4018462598323822,0.0,0.39068618416786194,0.5000391602516174,0.010585153670064197
0.5325542570951586,-0.40393388271331787,0.0,0.39120203256607056,0.5003691911697388,0.010724047142297077
0.5342237061769616,-0.40602293610572815,0.0,0.39170870184898376,0.5006930828094482,0.010863459174939506
0.5358931552587646,-0.4081133008003235,0.0,0.3922058343887329,0.5010107159614563,0.011003406159268793
0.5375626043405676,-0.4102049767971039,0.0,0.39269348978996277,0.5013220906257629,0.0111438851150527
0.5392320534223707,-0.41229793429374695,0.0,0.39317187666893005,0.5016273856163025,0.011284882631246163
0.5409015025041737,-0.4143921434879303,0.0,0.39364105463027954,0.501926600933075,0.011426394237500803
0.5425709515859767,-0.4164876341819763,0.0,0.39410072565078735,0.502219557762146,0.011568436325093946
0.5442404006677797,-0.41858431696891785,0.0,0.39455127716064453,0.5025065541267395,0.011710985052167678
0.5459098497495827,-0.4206821620464325,0.0,0.39499273896217346,0.5027875900268555,0.011854040418722001
0.5475792988313857,-0.42278119921684265,0.0,0.3954249322414398,0.5030626058578491,0.011997611365453631
0.5492487479131887,-0.4248813986778259,0.0,0.3958481252193451,0.50333172082901,0.012141680010969137
0.5509181969949917,-0.42698267102241516,0.0,0.39626219868659973,0.5035948753356934,0.012286255295965233
0.5525876460767947,-0.4290849566459656,0.0,0.39666736125946045,0.5038523077964783,0.012431323809396844
0.5542570951585977,-0.4311884045600891,0.0,0.39706358313560486,0.5041038393974304,0.012576882571031733
0.5559265442404007,-0.43329286575317383,0.0,0.39745113253593445,0.5043498277664185,0.012722922640173185
0.5575959933222037,-0.43539828062057495,0.0,0.39782971143722534,0.5045899748802185,0.012869455937750152
0.5592654424040067,-0.43750476837158203,0.0,0.3981997072696686,0.5048245787620544,0.013016460112020845
0.5609348914858097,-0.4396122395992279,0.0,0.398561030626297,0.5050535202026367,0.013163939633333621
0.5626043405676127,-0.4417206048965454,0.0,0.39891377091407776,0.5052769780158997,0.013311893011572363
0.5642737896494157,-0.44382986426353455,0.0,0.3992580771446228,0.505495011806488,0.013460308325808114
0.5659432387312188,-0.4459401071071625,0.0,0.39959394931793213,0.5057075619697571,0.013609182595808645
0.5676126878130218,-0.44805121421813965,0.0,0.3999215066432953,0.5059148073196411,0.013758512841341698
0.5692821368948248,-0.4501630365848541,0.0,0.40024077892303467,0.5061166882514954,0.013908297572291162
0.5709515859766278,-0.45227575302124023,0.0,0.40055185556411743,0.5063133239746094,0.014058526357844204
0.5726210350584308,-0.45438939332962036,0.0,0.4008548855781555,0.5065048336982727,0.014209194727652464
0.5742904841402338,-0.45650365948677063,0.0,0.4011499881744385,0.5066912174224854,0.014360295231135346
0.5759599332220368,-0.45861876010894775,0.0,0.4014371633529663,0.5068725943565369,0.014511827868292849
0.5776293823038398,-0.4607347249984741,0.0,0.4017163813114166,0.5070487856864929,0.014663789658892736
0.5792988313856428,-0.46285128593444824,0.0,0.40198826789855957,0.5072203874588013,0.014816153780844854
0.5809682804674458,-0.46496856212615967,0.0,0.40225210785865784,0.5073868036270142,0.014968953016703835
0.5826377295492488,-0.4670865833759308,0.0,0.40250852704048157,0.5075485110282898,0.015122154583915049
0.5843071786310517,-0.46920526027679443,0.0,0.40275776386260986,0.5077056288719177,0.015275743581317303
0.5859766277128547,-0.47132444381713867,0.0,0.4029994308948517,0.5078579187393188,0.015429742360652388
0.5876460767946577,-0.473444402217865,0.0,0.40323400497436523,0.508005678653717,0.015584127080062394
0.5893155258764607,-0.4755649268627167,0.0,0.4034613370895386,0.5081488490104675,0.015738899229663438
0.5909849749582637,-0.4776860475540161,0.0,0.4036817252635956,0.5082876086235046,0.01589404986875881
0.5926544240400667,-0.4798077344894409,0.0,0.4038952589035034,0.5084220767021179,0.016049570056651787
0.5943238731218699,-0.4819299280643463,0.0,0.40410181879997253,0.5085520148277283,0.01620546426369074
0.5959933222036728,-0.48405274748802185,0.0,0.40430182218551636,0.5086778998374939,0.016361716098598333
0.5976627712854758,-0.4861759543418884,0.0,0.4044952988624573,0.5087995529174805,0.016518315130561744
0.5993322203672788,-0.48829981684684753,0.0,0.4046820402145386,0.5089170336723328,0.016675279240974405
0.6010016694490818,-0.4904240667819977,0.0,0.404862642288208,0.5090305209159851,0.01683257117693333
0.6026711185308848,-0.4925488829612732,0.0,0.4050368070602417,0.5091400146484375,0.016990210309948073
0.6043405676126878,-0.4946739673614502,0.0,0.4052048623561859,0.5092456340789795,0.0171481787586252
0.6060100166944908,-0.4967995882034302,0.0,0.4053668975830078,0.5093474388122559,0.017306469072384114
0.6076794657762938,-0.4989256262779236,0.0,0.4055229723453522,0.5094454884529114,0.017465081251224812
0.6093489148580968,-0.5010520219802856,0.0,0.4056731164455414,0.509539783000946,0.017624009334682823
0.6110183639398998,-0.5031788349151611,0.0,0.4058177173137665,0.5096306204795837,0.017783238421596948
0.6126878130217028,-0.50530606508255,0.0,0.40595653653144836,0.5097177624702454,0.017942772982315548
0.6143572621035058,-0.5074335336685181,0.0,0.4060899317264557,0.5098015069961548,0.018102601095909665
0.6160267111853088,-0.5095614790916443,0.0,0.406218022108078,0.5098819136619568,0.018262713821682586
0.6176961602671118,-0.5116897821426392,0.0,0.40634065866470337,0.5099588632583618,0.018423115629982667
0.6193656093489148,-0.5138182640075684,0.0,0.4064582884311676,0.5100326538085938,0.018583785659184237
0.6210350584307179,-0.5159470438957214,0.0,0.4065708518028259,0.5101032853126526,0.01874472837963567
0.6227045075125209,-0.5180761814117432,0.0,0.4066784977912903,0.5101708173751831,0.018905934850640217
0.6243739565943239,-0.520205557346344,0.0,0.40678128600120544,0.5102352499961853,0.0190673976216173
0.6260434056761269,-0.5223352313041687,0.0,0.4068793058395386,0.5102967619895935,0.019229121162915277
0.6277128547579299,-0.5244651436805725,0.0,0.4069726765155792,0.5103552937507629,0.01939108759314071
0.6293823038397329,-0.5265953540802002,0.0,0.40706172585487366,0.5104111433029175,0.01955328648148077
0.6310517529215359,-0.5287256836891174,0.0,0.40714624524116516,0.5104641318321228,0.01971572825874829
0.6327212020033389,-0.5308562517166138,0.0,0.40722671151161194,0.5105145573616028,0.019878384612737
0.6343906510851419,-0.5329870581626892,0.0,0.4073027968406677,0.5105622410774231,0.020041276405072573
0.6360601001669449,-0.5351181030273438,0.0,0.40737491846084595,0.5106074213981628,0.02020437830378098
0.6377295492487479,-0.5372492074966431,0.0,0.407443106174469,0.5106501579284668,0.02036769179897834
0.6393989983305509,-0.5393805503845215,0.0,0.40750738978385925,0.510690450668335,0.020531212420316292
0.6410684474123539,-0.5415120720863342,0.0,0.40756797790527344,0.5107284188270569,0.020694931227098125
0.6427378964941569,-0.5436438322067261,0.0,0.4076249897480011,0.5107641220092773,0.02085883927862712
0.6444073455759599,-0.5457755327224731,0.0,0.4076782464981079,0.5107975006103516,0.02102294700571611
0.6460767946577629,-0.5479074716567993,0.0,0.4077283442020416,0.5108289122581482,0.02118722609615883
0.6477462437395659,-0.550039529800415,0.0,0.40777507424354553,0.5108581781387329,0.02135168251041976
0.649415692821369,-0.5521717071533203,0.0,0.4078185558319092,0.5108854174613953,0.021516313268266665
0.651085141903172,-0.5543040633201599,0.0,0.4078589081764221,0.51091068983078,0.02168111091911893
0.652754590984975,-0.5564364790916443,0.0,0.4078962802886963,0.510934054851532,0.021846063542047614
0.654424040066778,-0.5585688948631287,0.0,0.4079307019710541,0.5109556317329407,0.02201117709751719
0.656093489148581,-0.5607014894485474,0.0,0.4079623818397522,0.5109754800796509,0.022176436684366464
0.657762938230384,-0.5628341436386108,0.0,0.4079913794994354,0.5109936594963074,0.02234183783224708
0.659432387312187,-0.5649669170379639,0.0,0.40801766514778137,0.5110101103782654,0.02250738352139128
0.66110183639399,-0.5670996904373169,0.0,0.4080412685871124,0.5110248923301697,0.022673072261682938
0.662771285475793,-0.5692325234413147,0.0,0.4080626666545868,0.5110382437705994,0.02283887723103191
0.664440734557596,-0.571365475654602,0.0,0.4080817699432373,0.5110502243041992,0.02300480438990267
0.666110183639399,-0.5734983086585999,0.0,0.40809836983680725,0.5110606551170349,0.02317086714934029
0.667779632721202,-0.5756313800811768,0.0,0.4081130027770996,0.5110697746276855,0.023337032726790153
0.669449081803005,-0.5777643918991089,0.0,0.40812548995018005,0.5110775828361511,0.023503313043181207
0.671118530884808,-0.5798975229263306,0.0,0.4081359803676605,0.5110841989517212,0.023669699157816738
0.672787979966611,-0.5820305347442627,0.0,0.40814468264579773,0.5110896229743958,0.02383618213000003
0.674457429048414,-0.5841637253761292,0.0,0.40815138816833496,0.51109379529953,0.024002769410311677
0.6761268781302171,-0.586296796798706,0.0,0.4081563949584961,0.5110969543457031,0.024169447587706616
0.6777963272120201,-0.5884299278259277,0.0,0.4081598222255707,0.511099100112915,0.02433620921160423
0.6794657762938231,-0.5905630588531494,0.0,0.4081616699695587,0.5111002326011658,0.024503057262236772
0.6811352253756261,-0.5926961898803711,0.0,0.40816202759742737,0.5111004710197449,0.024669981308791403
0.6828046744574291,-0.5948293209075928,0.0,0.40816089510917664,0.5110997557640076,0.024836987311732596
0.6844741235392321,-0.5969624519348145,0.0,0.40815839171409607,0.5110982060432434,0.02500406633036364
0.6861435726210351,-0.5990956425666809,0.0,0.4081547260284424,0.5110959410667419,0.02517120644375558
0.6878130217028381,-0.6012287139892578,0.0,0.4081498384475708,0.5110928416252136,0.025338409142024534
0.6894824707846411,-0.6033617854118347,0.0,0.4081438481807709,0.5110890865325928,0.025505674425170502
0.6911519198664441,-0.6054949164390564,0.0,0.40813666582107544,0.5110846161842346,0.025673000803077363
0.6928213689482471,-0.6076279878616333,0.0,0.4081285893917084,0.5110795497894287,0.025840374864700047
0.6944908180300501,-0.6097609996795654,0.0,0.4081195294857025,0.511073887348175,0.026007802570503027
0.6961602671118531,-0.6118940711021423,0.0,0.40810972452163696,0.5110677480697632,0.02617527199955735
0.6978297161936561,-0.6140270233154297,0.0,0.40809914469718933,0.5110611319541931,0.026342780171630775
0.6994991652754591,-0.616159975528717,0.0,0.40808770060539246,0.5110539793968201,0.026510333047187785
0.7011686143572621,-0.6182929277420044,0.0,0.40807560086250305,0.5110463500022888,0.02667792019541554
0.7028380634390651,-0.620425820350647,0.0,0.40806296467781067,0.5110384821891785,0.02684554012619792
0.7045075125208682,-0.6225587129592896,0.0,0.40804964303970337,0.5110301375389099,0.02701319432965106
0.7061769616026712,-0.6246914863586426,0.0,0.40803584456443787,0.5110214948654175,0.027180872374962098
0.7078464106844742,-0.6268242597579956,0.0,0.4080217480659485,0.5110126733779907,0.027348566811550446
0.7095158597662772,-0.6289570927619934,0.0,0.4080069959163666,0.5110034346580505,0.027516298501041783
0.7111853088480802,-0.6310898065567017,0.0,0.4079922139644623,0.5109941363334656,0.027684028700416998
0.7128547579298832,-0.6332224607467651,0.0,0.40797683596611023,0.5109845399856567,0.02785179317246296
0.7145242070116862,-0.6353551149368286,0.0,0.40796130895614624,0.5109748244285583,0.028019565095089516
0.7161936560934892,-0.6374876499176025,0.0,0.4079456329345703,0.5109649896621704,0.028187344468296672
0.7178631051752922,-0.6396201848983765,0.0,0.40792977809906006,0.5109550356864929,0.028355131292084425
0.7195325542570952,-0.6417527198791504,0.0,0.40791380405426025,0.5109450221061707,0.028522927056568892
0.7212020033388982,-0.6438851356506348,0.0,0.40789780020713806,0.5109350085258484,0.028690722821053363
0.7228714524207012,-0.6460176110267639,0.0,0.4078816771507263,0.5109249353408813,0.028858529016350665
0.7245409015025042,-0.6481500267982483,0.0,0.4078655242919922,0.5109148025512695,0.029026332231415732
0.7262103505843072,-0.6502823829650879,0.0,0.4078494608402252,0.5109047293663025,0.029194132466248558
0.7278797996661102,-0.6524146795272827,0.0,0.4078335464000702,0.510894775390625,0.02936192376038467
0.7295492487479132,-0.6545469164848328,0.0,0.4078177213668823,0.5108848810195923,0.02952971356440466
0.7312186978297163,-0.6566791534423828,0.0,0.40780195593833923,0.5108749866485596,0.029697495917844065
0.7328881469115193,-0.6588113307952881,0.0,0.40778648853302,0.510865330696106,0.029865264860238383
0.7345575959933223,-0.6609433889389038,0.0,0.4077712893486023,0.5108557939529419,0.03003302039158763
0.7362270450751253,-0.6630755662918091,0.0,0.40775611996650696,0.5108463168144226,0.030200772942704637
0.7378964941569283,-0.6652076840400696,0.0,0.4077412784099579,0.5108370184898376,0.03036850761242821
0.7395659432387313,-0.6673396825790405,0.0,0.40772682428359985,0.5108279585838318,0.03053622291064223
0.7412353923205343,-0.6694716215133667,0.0,0.4077126681804657,0.5108190774917603,0.03070392032746282
0.7429048414023373,-0.6716036200523376,0.0,0.4076988101005554,0.510810375213623,0.030871602843122216
0.7445742904841403,-0.673735499382019,0.0,0.407685250043869,0.5108019113540649,0.031039270457620418
0.7462437395659433,-0.6758673191070557,0.0,0.40767231583595276,0.5107938051223755,0.031206903799447874
0.7479131886477463,-0.6779991984367371,0.0,0.40765953063964844,0.5107857584953308,0.031374528200578615
0.7495826377295493,-0.6801310181617737,0.0,0.40764737129211426,0.5107781291007996,0.031542121309270844
0.7512520868113522,-0.6822628378868103,0.0,0.40763556957244873,0.5107707381248474,0.031709695046453525
0.7529215358931552,-0.6843944787979126,0.0,0.407624214887619,0.5107636451721191,0.03187724345166217
0.7545909849749582,-0.6865262985229492,0.0,0.40761324763298035,0.51075679063797,0.03204477248536127
0.7562604340567612,-0.6886579990386963,0.0,0.40760305523872375,0.510750412940979,0.03221226128592515
0.7579298831385642,-0.6907895803451538,0.0,0.40759316086769104,0.5107442140579224,0.03237973369521171
0.7595993322203674,-0.6929212212562561,0.0,0.40758389234542847,0.5107383728027344,0.03254717183182754
0.7612687813021703,-0.6950529217720032,0.0,0.4075750410556793,0.5107328295707703,0.03271458612658545
0.7629382303839733,-0.6971844434738159,0.0,0.4075668454170227,0.5107277035713196,0.03288197061902096
0.7646076794657763,-0.6993160843849182,0.0,0.4075590670108795,0.510722815990448,0.03304932679925021
0.7662771285475793,-0.7014476656913757,0.0,0.40755191445350647,0.5107183456420898,0.03321665317715707
0.7679465776293823,-0.7035791873931885,0.0,0.40754538774490356,0.5107142329216003,0.03338394677250931
0.7696160267111853,-0.7057106494903564,0.0,0.407539427280426,0.5107105374336243,0.03355120907542304
0.7712854757929883,-0.707842230796814,0.0,0.4075338840484619,0.5107070803642273,0.033718450516711095
0.7729549248747913,-0.7099736928939819,0.0,0.4075290858745575,0.5107040405273438,0.033885648744631694
0.7746243739565943,-0.7121051549911499,0.0,0.40752482414245605,0.5107013583183289,0.03405282015046214
0.7762938230383973,-0.7142366170883179,0.0,0.4075210988521576,0.5106990337371826,0.034219964734202434
0.7779632721202003,-0.7163680791854858,0.0,0.4075179696083069,0.510697066783905,0.03438707504527199
0.7796327212020033,-0.7184996008872986,0.0,0.4075155556201935,0.5106955766677856,0.03455415108367079
0.7813021702838063,-0.720630943775177,0.0,0.4075135588645935,0.5106943249702454,0.03472120179009557
0.7829716193656093,-0.722762405872345,0.0,0.4075123369693756,0.5106935501098633,0.034888210773269
0.7846410684474123,-0.7248939275741577,0.0,0.4075115919113159,0.5106930732727051,0.035055195914584523
0.7863105175292154,-0.7270252704620361,0.0,0.407511442899704,0.5106930136680603,0.03522214976346155
0.7879799666110184,-0.7291567325592041,0.0,0.40751174092292786,0.5106931924819946,0.03538907828036454
0.7896494156928214,-0.7312881946563721,0.0,0.4075128734111786,0.5106939077377319,0.03555596209378394
0.7913188647746244,-0.73341965675354,0.0,0.4075143337249756,0.5106948018074036,0.035722829515926036
0.7929883138564274,-0.7355510592460632,0.0,0.4075165390968323,0.5106961727142334,0.0358896567049329
0.7946577629382304,-0.737682580947876,0.0,0.4075191915035248,0.5106978416442871,0.036056460052081865
0.7963272120200334,-0.7398141026496887,0.0,0.4075225591659546,0.5106999278068542,0.036223226146327836
0.7979966611018364,-0.7419455051422119,0.0,0.40752628445625305,0.5107023119926453,0.03638997435918038
0.7996661101836394,-0.7440769672393799,0.0,0.40753069519996643,0.5107050538063049,0.036556683829013815
0.8013355592654424,-0.7462084293365479,0.0,0.4075355529785156,0.5107080936431885,0.03672336796687322
0.8030050083472454,-0.7483399510383606,0.0,0.4075409471988678,0.5107114911079407,0.03689002528264248
0.8046744574290484,-0.7504714727401733,0.0,0.40754690766334534,0.5107151865959167,0.03705665428620547
0.8063439065108514,-0.7526030540466309,0.0,0.4075532853603363,0.5107192397117615,0.03722325944791055
0.8080133555926544,-0.7547346353530884,0.0,0.4075602889060974,0.5107235908508301,0.03738983033694489
0.8096828046744574,-0.7568660974502563,0.0,0.40756767988204956,0.5107282400131226,0.03755638334458579
0.8113522537562604,-0.7589977979660034,0.0,0.4075755178928375,0.5107331275939941,0.037722909530136545
0.8130217028380634,-0.7611293792724609,0.0,0.4075838029384613,0.5107383131980896,0.03788941187382938
0.8146911519198665,-0.7632609605789185,0.0,0.4075925648212433,0.5107437968254089,0.03805589186578045
0.8163606010016695,-0.7653926610946655,0.0,0.40760183334350586,0.5107496380805969,0.038222342055409114
0.8180300500834725,-0.7675244212150574,0.0,0.40761151909828186,0.510755717754364,0.038388774363644344
0.8196994991652755,-0.7696561813354492,0.0,0.4076214134693146,0.5107619166374207,0.03855519177071838
0.8213689482470785,-0.7717878222465515,0.0,0.40763190388679504,0.510768473148346,0.038721576395237794
0.8230383973288815,-0.7739196419715881,0.0,0.4076426327228546,0.5107752084732056,0.03888795058894437
0.8247078464106845,-0.7760514616966248,0.0,0.40765389800071716,0.5107822418212891,0.03905429498032856
0.8263772954924875,-0.7781832218170166,0.0,0.40766531229019165,0.5107893943786621,0.03922063192113215
0.8280467445742905,-0.7803150415420532,0.0,0.40767720341682434,0.510796844959259,0.03938694502007783
0.8297161936560935,-0.7824469804763794,0.0,0.4076893627643585,0.5108044743537903,0.03955324023763007
0.8313856427378965,-0.7845789790153503,0.0,0.40770184993743896,0.5108122825622559,0.03971952055402113
0.8330550918196995,-0.7867107391357422,0.0,0.4077145755290985,0.5108202695846558,0.03988578894948323
0.8347245409015025,-0.7888427972793579,0.0,0.40772756934165955,0.51082843542099,0.04005204244378413
0.8363939899833055,-0.7909749150276184,0.0,0.40774083137512207,0.5108367204666138,0.04021828103692385
0.8380634390651085,-0.7931069135665894,0.0,0.4077543020248413,0.5108451247215271,0.0403845077091346
0.8397328881469115,-0.7952390313148499,0.0,0.40776801109313965,0.5108537077903748,0.040550722460416404
0.8414023372287146,-0.7973711490631104,0.0,0.4077819287776947,0.5108624696731567,0.04071692678088538
0.8430717863105176,-0.7995032072067261,0.0,0.4077960252761841,0.5108712911605835,0.04088312216065763
0.8447412353923206,-0.8016355037689209,0.0,0.40781041979789734,0.5108802914619446,0.04104930114915256
0.8464106844741236,-0.803767740726471,0.0,0.40782472491264343,0.5108892321586609,0.04121548311787974
0.8480801335559266,-0.8059000968933105,0.0,0.40783917903900146,0.5108982920646667,0.04138165763602632
0.8497495826377296,-0.8080322742462158,0.0,0.4078538119792938,0.5109074711799622,0.0415478247035923
0.8514190317195326,-0.8101646900177002,0.0,0.40786856412887573,0.5109167098999023,0.041713982830461564
0.8530884808013356,-0.8122971057891846,0.0,0.4078834056854248,0.5109260082244873,0.04188013797709859
0.8547579298831386,-0.814429521560669,0.0,0.4078982472419739,0.5109353065490723,0.0420462916336195
0.8564273789649416,-0.8165619969367981,0.0,0.40791311860084534,0.5109446048736572,0.04221244678025652
0.8580968280467446,-0.818694531917572,0.0,0.40792810916900635,0.5109540224075317,0.04237859447631295
0.8597662771285476,-0.8208271265029907,0.0,0.4079430401325226,0.5109633803367615,0.04254474515260162
0.8614357262103506,-0.8229595422744751,0.0,0.40795788168907166,0.5109726786613464,0.042710900299238644
0.8631051752921536,-0.8250922560691833,0.0,0.4079728126525879,0.5109819769859314,0.04287704799529507
0.8647746243739566,-0.8272250294685364,0.0,0.407987505197525,0.5109912157058716,0.04304321208262882
0.8664440734557596,-0.8293576240539551,0.0,0.40800219774246216,0.511000394821167,0.04320937467984644
0.8681135225375626,-0.8314903974533081,0.0,0.4080168902873993,0.5110096335411072,0.04337553876718018
0.8697829716193657,-0.8336231708526611,0.0,0.40803152322769165,0.5110187530517578,0.04354170285451393
0.8714524207011687,-0.8357559442520142,0.0,0.4080457389354706,0.5110276937484741,0.043707890783705586
0.8731218697829717,-0.8378888368606567,0.0,0.4080599844455719,0.5110365748405457,0.04387407722278112
0.8747913188647747,-0.8400217294692993,0.0,0.40807414054870605,0.5110454559326172,0.04404026813220501
0.8764607679465777,-0.8421547412872314,0.0,0.40808799862861633,0.5110541582107544,0.044206476923022334
0.8781302170283807,-0.844287633895874,0.0,0.4081017076969147,0.511062741279602,0.04437269167430413
0.8797996661101837,-0.8464205861091614,0.0,0.40811511874198914,0.5110711455345154,0.044538924306979366
0.8814691151919867,-0.8485537171363831,0.0,0.40812838077545166,0.5110794305801392,0.04470516290011908
0.8831385642737897,-0.8506866693496704,0.0,0.40814125537872314,0.5110874772071838,0.04487142235488446
0.8848080133555927,-0.8528198003768921,0.0,0.4081539511680603,0.5110954642295837,0.04503769224046268
0.8864774624373957,-0.8549529910087585,0.0,0.40816646814346313,0.5111032724380493,0.04520397106673762
0.8881469115191987,-0.857086181640625,0.0,0.4081784188747406,0.5111107230186462,0.04537027820521882
0.8898163606010017,-0.8592193126678467,0.0,0.4081900715827942,0.5111180543899536,0.045536604715209573
0.8914858096828047,-0.8613525629043579,0.0,0.4082014858722687,0.5111252069473267,0.045702941656013164
0.8931552587646077,-0.8634858131408691,0.0,0.40821245312690735,0.5111320614814758,0.04586930243867467
0.8948247078464107,-0.8656191229820251,0.0,0.40822312235832214,0.5111387372016907,0.046035679612613484
0.8964941569282138,-0.8677524328231812,0.0,0.40823331475257874,0.5111451148986816,0.04620208062841022
0.8981636060100168,-0.8698858022689819,0.0,0.4082430899143219,0.5111512541770935,0.04636850846629709
0.8998330550918198,-0.8720191717147827,0.0,0.4082523584365845,0.5111570358276367,0.04653495716580963
0.9015025041736228,-0.8741524815559387,0.0,0.4082612097263336,0.5111625790596008,0.04670143268741233
0.9031719532554258,-0.876285970211029,0.0,0.4082697331905365,0.5111679434776306,0.046867924600292335
0.9048414023372288,-0.8784193396568298,0.0,0.40827757120132446,0.5111728310585022,0.04703445078584309
0.9065108514190318,-0.8805527687072754,0.0,0.4082849621772766,0.5111774802207947,0.04720100379348399
0.9081803005008348,-0.8826862573623657,0.0,0.40829190611839294,0.5111817717552185,0.047367577662750564
0.9098497495826378,-0.8848198652267456,0.0,0.40829822421073914,0.5111857652664185,0.04753418878492012
0.9115191986644408,-0.8869532346725464,0.0,0.40830400586128235,0.5111894011497498,0.04770082523906371
0.9131886477462438,-0.8890867829322815,0.0,0.4083091914653778,0.5111926198005676,0.04786749447576192
0.9148580968280468,-0.8912203311920166,0.0,0.4083138406276703,0.5111955404281616,0.048034192024666404
0.9165275459098498,-0.8933538794517517,0.0,0.4083178639411926,0.5111980438232422,0.04820092086600939
0.9181969949916527,-0.895487368106842,0.0,0.40832123160362244,0.5112001299858093,0.04836768696025537
0.9198664440734557,-0.8976209759712219,0.0,0.4083240330219269,0.5112019181251526,0.04853448285682373
0.9215358931552587,-0.8997545838356018,0.0,0.40832608938217163,0.5112032294273376,0.04870131898652731
0.9232053422370617,-0.9018880724906921,0.0,0.40832746028900146,0.5112040638923645,0.04886819087901776
0.9248747913188649,-0.904021680355072,0.0,0.40832823514938354,0.5112045407295227,0.04903509555406285
0.9265442404006679,-0.9061552882194519,0.0,0.4083283841609955,0.5112046599388123,0.04920203301166255
0.9282136894824708,-0.9082888960838318,0.0,0.4083276391029358,0.511204183101654,0.049369018152978075
0.9298831385642738,-0.9104223847389221,0.0,0.40832632780075073,0.5112033486366272,0.049536031606499865
0.9315525876460768,-0.912555992603302,0.0,0.40832412242889404,0.5112019777297974,0.0497030942338536
0.9332220367278798,-0.9146896004676819,0.0,0.40832123160362244,0.5112001299858093,0.049870191133878077
0.9348914858096828,-0.9168230891227722,0.0,0.40831756591796875,0.5111978650093079,0.050037331247270014
0.9365609348914858,-0.9189566969871521,0.0,0.40831315517425537,0.5111951231956482,0.0502045130839133
0.9382303839732888,-0.9210901260375977,0.0,0.40830790996551514,0.5111917853355408,0.0503717351536918
0.9398998330550918,-0.9232237339019775,0.0,0.40830203890800476,0.5111881494522095,0.05053899447637329
0.9415692821368948,-0.9253571629524231,0.0,0.4082950949668884,0.5111837983131409,0.05070630744323508
0.9432387312186978,-0.9274906516075134,0.0,0.4082874059677124,0.5111789703369141,0.050873660643232094
0.9449081803005008,-0.9296241402626038,0.0,0.4082788825035095,0.511173665523529,0.051041061526944924
0.9465776293823038,-0.9317575097084045,0.0,0.4082694351673126,0.5111677050590515,0.051208507114141336
0.9482470784641068,-0.9338909983634949,0.0,0.40825921297073364,0.5111613273620605,0.05137599591470521
0.9499165275459098,-0.9360243082046509,0.0,0.40824809670448303,0.5111543536186218,0.05154353090886879
0.9515859766277129,-0.9381576180458069,0.0,0.4082360565662384,0.5111468434333801,0.05171111805709655
0.9532554257095159,-0.9402909874916077,0.0,0.408223032951355,0.5111386775970459,0.05187875586927237
0.9549248747913189,-0.9424242973327637,0.0,0.40820932388305664,0.5111300945281982,0.05204642944423504
0.9565943238731219,-0.9445575475692749,0.0,0.40819448232650757,0.5111207962036133,0.05221416560407474
0.9582637729549249,-0.9466907382011414,0.0,0.40817880630493164,0.5111109614372253,0.052381944977281894
0.9599332220367279,-0.9488239288330078,0.0,0.40816202759742737,0.5111004710197449,0.05254978097490159
0.9616026711185309,-0.9509570598602295,0.0,0.4081445336341858,0.5110895037651062,0.05271765869577262
0.9632721202003339,-0.9530900716781616,0.0,0.40812593698501587,0.511077880859375,0.052885593041056195
0.9649415692821369,-0.9552231431007385,0.0,0.4081062972545624,0.5110656023025513,0.0530535840107523
0.9666110183639399,-0.9573561549186707,0.0,0.40808573365211487,0.5110527276992798,0.05322162266416423
0.9682804674457429,-0.9594890475273132,0.0,0.40806418657302856,0.5110391974449158,0.053389713471640336
0.9699499165275459,-0.9616218209266663,0.0,0.4080416262149811,0.5110251307487488,0.05355786090352898
0.9716193656093489,-0.9637546539306641,0.0,0.4080181121826172,0.5110103487968445,0.05372605601913344
0.9732888146911519,-0.9658874273300171,0.0,0.40799352526664734,0.5109949707984924,0.05389431073938268
0.9749582637729549,-0.9680200219154358,0.0,0.40796786546707153,0.5109788775444031,0.054062620593928336
0.9766277128547579,-0.9701526165008545,0.0,0.40794113278388977,0.510962188243866,0.054230990053118766
0.9782971619365609,-0.9722852110862732,0.0,0.407913476228714,0.5109448432922363,0.054399404215792785
0.979966611018364,-0.9744176864624023,0.0,0.4078846275806427,0.5109267830848694,0.0545678869238083
0.981636060100167,-0.9765499830245972,0.0,0.4078547954559326,0.5109080672264099,0.054736418805655745
0.98330550918197,-0.9786823391914368,0.0,0.4078238904476166,0.5108887553215027,0.05490501178226408
0.984974958263773,-0.980814516544342,0.0,0.40779197216033936,0.5108687281608582,0.055073652442588245
0.986644407345576,-0.9829466342926025,0.0,0.4077588617801666,0.5108479857444763,0.05524236015813777
0.988313856427379,-0.9850786924362183,0.0,0.407724529504776,0.5108265280723572,0.05541113492891268
0.989983305509182,-0.9872106909751892,0.0,0.40768930315971375,0.5108044147491455,0.055579955893287285
0.991652754590985,-0.989342451095581,0.0,0.40765300393104553,0.5107817053794861,0.05574883497219055
0.993322203672788,-0.9914742708206177,0.0,0.4076154828071594,0.5107581615447998,0.05591777663597082
0.994991652754591,-0.99360591173172,0.0,0.4075767397880554,0.5107339024543762,0.056086785354976465
0.996661101836394,-0.9957375526428223,0.0,0.4075370728969574,0.5107090473175049,0.05625584175769793
0.998330550918197,-0.9978689551353455,0.0,0.40749621391296387,0.5106834769248962,0.05642496372552866
1.0,-1.000000238418579,0.0,0.40745413303375244,0.5106570720672607,0.05659414976835251
