0.0,0.0003167390823364258,0.0,0.0,-0.0010973818134516478,-4.389527312014252e-05
0.001669449081803005,0.0007749795913696289,0.0,0.0,-0.0010973818134516478,0.000123049635060158
0.00333889816360601,0.0012328624725341797,0.0,0.0,-0.0010973818134516478,0.0002899945432404585
0.005008347245409015,0.0016908645629882812,0.0,0.0,-0.0010973818134516478,0.000456939451420759
0.00667779632721202,0.002148866653442383,0.0,0.0,-0.0010973812313750386,0.0006238843828841239
0.008347245409015025,0.0026068687438964844,0.0,0.0,-0.0010973808821290731,0.0007908293056163396
0.01001669449081803,0.003064870834350586,0.0,0.0,-0.0010973798343911767,0.0009577742545420027
0.011686143572621035,0.0035228729248046875,0.0,0.0,-0.0010973786702379584,0.001124719209288432
0.01335559265442404,0.00398099422454834,0.0,0.0,-0.0010973778553307056,0.001291664149482946
0.015025041736227046,0.004438877105712891,0.0,0.0,-0.0010973766911774874,0.0014586091042293754
0.01669449081803005,0.004896879196166992,0.0,0.0,-0.0010973752941936255,0.0016255540706173366
0.018363939899833055,0.0053550004959106445,0.0,0.0,-0.001097373547963798,0.0017924990486468302
0.02003338898163606,0.005813002586364746,0.0,0.0,-0.0010973718017339706,0.0019594440266763238
0.021702838063439065,0.006271004676818848,0.0,0.0,-0.0010973704047501087,0.0021263889901539023
0.02337228714524207,0.006729006767272949,0.0,0.0,-0.0010973679600283504,0.0022933339943768433
0.025041736227045076,0.0071868896484375,0.0,0.0,-0.0010973659809678793,0.002460278984047869
0.02671118530884808,0.007645010948181152,0.0,0.0,-0.0010973637690767646,0.002627223979539661
0.028380634390651086,0.008103013038635254,0.0,0.0,-0.0010973612079396844,0.002794168989583368
0.03005008347245409,0.008560895919799805,0.0,0.0,-0.0010973585303872824,0.0029611140054478413
0.03171953255425709,0.009019017219543457,0.0,0.0,-0.0010973558528348804,0.003128059021312314
0.0333889816360601,0.009477019309997559,0.0,0.0,-0.0010973530588671565,0.0032950040400871704
0.035058430717863104,0.00993490219116211,0.0,0.0,-0.001097350032068789,0.003461949070503559
0.03672787979966611,0.010392904281616211,0.0,0.0,-0.0010973470052704215,0.0036288940980095646
0.038397328881469114,0.010851025581359863,0.0,0.0,-0.0010973437456414104,0.003795839137157102
0.04006677796327212,0.011308789253234863,0.0,0.0,-0.0010973404860123992,0.00396278417630464
0.041736227045075125,0.011766910552978516,0.0,0.0,-0.0010973369935527444,0.004129729224183326
0.04340567612687813,0.012224793434143066,0.0,0.0,-0.0010973335010930896,0.004296674272062013
0.045075125208681135,0.01268303394317627,0.0,0.0,-0.0010973297758027911,0.004463619328671849
0.04674457429048414,0.01314079761505127,0.0,0.0,-0.0010973260505124927,0.004630564385281684
0.048414023372287146,0.013598918914794922,0.0,0.0,-0.0010973219759762287,0.004797509456443436
0.05008347245409015,0.014056921005249023,0.0,0.0,-0.0010973179014399648,0.004964454527605187
0.05175292153589316,0.014514684677124023,0.0,0.0,-0.0010973140597343445,0.005131399590035789
0.05342237061769616,0.014972805976867676,0.0,0.0,-0.0010973097523674369,0.005298344669928689
0.05509181969949917,0.015430808067321777,0.0,0.0,-0.0010973055614158511,0.005465289746911206
0.05676126878130217,0.015888690948486328,0.0,0.0,-0.0010973011376336217,0.0056322348326248725
0.05843071786310518,0.01634669303894043,0.0,0.0,-0.001097296946682036,0.005799179906697007
0.06010016694490818,0.01680457592010498,0.0,0.0,-0.001097292173653841,0.0059661250069625886
0.06176961602671119,0.017262578010559082,0.0,0.0,-0.001097287517040968,0.006133070101407404
0.06343906510851419,0.017720699310302734,0.0,0.0,-0.0010972828604280949,0.006300015195852219
0.0651085141903172,0.018178582191467285,0.0,0.0,-0.0010972780873999,0.006466960296117801
0.0667779632721202,0.018636465072631836,0.0,0.0,-0.0010972734307870269,0.006633905390562616
0.06844741235392321,0.019094347953796387,0.0,0.0,-0.0010972680756822228,0.006800850511200879
0.07011686143572621,0.01955235004425049,0.0,0.0,-0.0010972631862387061,0.006967795614376843
0.07178631051752922,0.02001035213470459,0.0,0.0,-0.001097258529625833,0.007134740708821659
0.07345575959933222,0.02046835422515869,0.0,0.0,-0.001097253174521029,0.007301685832370304
0.07512520868113523,0.020926237106323242,0.0,0.0,-0.0010972477030009031,0.007468630958829334
0.07679465776293823,0.021384239196777344,0.0,0.0,-0.001097242347896099,0.007635576082377979
0.07846410684474124,0.021842122077941895,0.0,0.0,-0.0010972372256219387,0.007802521194285094
0.08013355592654424,0.022300243377685547,0.0,0.0,-0.0010972317541018128,0.007969466320744122
0.08180300500834725,0.022758126258850098,0.0,0.0,-0.0010972265154123306,0.008136411438472003
0.08347245409015025,0.02321600914001465,0.0,0.0,-0.001097220811061561,0.008303356576572564
0.08514190317195326,0.02367401123046875,0.0,0.0,-0.0010972152231261134,0.008470301708852358
0.08681135225375626,0.0241318941116333,0.0,0.0,-0.0010972097516059875,0.008637246835311387
0.08848080133555927,0.0245896577835083,0.0,0.0,-0.001097204047255218,0.008804191970501566
0.09015025041736227,0.025047898292541504,0.0,0.0,-0.0010971983429044485,0.008971137108602126
0.09181969949916528,0.025505661964416504,0.0,0.0,-0.001097192638553679,0.009138082243792305
0.09348914858096828,0.025963544845581055,0.0,0.0,-0.0010971871670335531,0.009305027370251334
0.0951585976627713,0.026421546936035156,0.0,0.0,-0.0010971807641908526,0.009471972534545342
0.09682804674457429,0.026879549026489258,0.0,0.0,-0.001097175176255405,0.009638917666825137
0.0984974958263773,0.027337312698364258,0.0,0.0,-0.00109716912265867,0.00980586281656723
0.1001669449081803,0.02779531478881836,0.0,0.0,-0.0010971633018925786,0.009972807957578175
0.10183639398998331,0.02825331687927246,0.0,0.0,-0.0010971574811264873,0.010139753098589119
0.10350584307178631,0.02871096134185791,0.0,0.0,-0.0010971514275297523,0.010306698248331213
0.10517529215358933,0.02916896343231201,0.0,0.0,-0.0010971453739330173,0.010473643400983688
0.10684474123539232,0.029626965522766113,0.0,0.0,-0.0010971390875056386,0.010640588559456932
0.10851419031719532,0.030084848403930664,0.0,0.0,-0.0010971330339089036,0.010807533709199024
0.11018363939899833,0.030542850494384766,0.0,0.0,-0.0010971272131428123,0.010974478850209968
0.11185308848080133,0.031000614166259766,0.0,0.0,-0.0010971210431307554,0.011141424005772827
0.11352253756260434,0.031458497047424316,0.0,0.0,-0.001097114640288055,0.011308369170066836
0.11519198664440734,0.03191637992858887,0.0,0.0,-0.00109710858669132,0.01147531431980893
0.11686143572621036,0.03237426280975342,0.0,0.0,-0.0010971024166792631,0.011642259475371789
0.11853088480801335,0.03283226490020752,0.0,0.0,-0.0010970962466672063,0.011809204630934649
0.12020033388981637,0.03329014778137207,0.0,0.0,-0.0010970899602398276,0.011976149789407892
0.12186978297161936,0.03374803066253662,0.0,0.0,-0.0010970837902277708,0.01214309494497075
0.12353923205342238,0.03420591354370117,0.0,0.0,-0.0010970775038003922,0.012310040103443992
0.12520868113522537,0.03466379642486572,0.0,0.0,-0.0010970713337883353,0.012476985259006852
0.12687813021702837,0.03512167930603027,0.0,0.0,-0.0010970652801916003,0.012643930408748944
0.1285475792988314,0.035579562187194824,0.0,0.0,-0.001097058760933578,0.01281087557886372
0.1302170283806344,0.036037325859069824,0.0,0.0,-0.0010970524745061994,0.012977820737336963
0.1318864774624374,0.036495208740234375,0.0,0.0,-0.0010970463044941425,0.013144765892899821
0.1335559265442404,0.03695321083068848,0.0,0.0,-0.0010970397852361202,0.013311711063014596
0.13522537562604342,0.03741097450256348,0.0,0.0,-0.0010970337316393852,0.013478656212756691
0.13689482470784642,0.03786885738372803,0.0,0.0,-0.001097027095966041,0.013645601385781848
0.13856427378964942,0.03832662105560303,0.0,0.0,-0.001097021042369306,0.01381254653552394
0.14023372287145242,0.03878450393676758,0.0,0.0,-0.0010970146395266056,0.013979491699817949
0.14190317195325544,0.03924238681793213,0.0,0.0,-0.0010970085859298706,0.014146436852470426
0.14357262103505844,0.03970026969909668,0.0,0.0,-0.0010970021830871701,0.014313382016764435
0.14524207011686144,0.04015803337097168,0.0,0.0,-0.0010969960130751133,0.01448032716941691
0.14691151919866444,0.04061579704284668,0.0,0.0,-0.001096989493817091,0.014647272339531683
0.14858096828046746,0.04107367992401123,0.0,0.0,-0.0010969832073897123,0.014814217498004928
0.15025041736227046,0.04153168201446533,0.0,0.0,-0.0010969771537929773,0.014981162650657404
0.15191986644407346,0.04198944568634033,0.0,0.0,-0.0010969711001962423,0.015148107800399498
0.15358931552587646,0.04244720935821533,0.0,0.0,-0.0010969644645228982,0.015315052973424654
0.15525876460767948,0.04290509223937988,0.0,0.0,-0.001096958527341485,0.015481998120256366
0.15692821368948248,0.043362975120544434,0.0,0.0,-0.0010969521244987845,0.015648943284550375
0.15859766277128548,0.043820738792419434,0.0,0.0,-0.0010969460709020495,0.015815888434292467
0.16026711185308848,0.044278621673583984,0.0,0.0,-0.0010969397844746709,0.01598283359276571
0.16193656093489148,0.044736385345458984,0.0,0.0,-0.001096933614462614,0.016149778748328566
0.1636060100166945,0.045194268226623535,0.0,0.0,-0.0010969274444505572,0.01631672390389143
0.1652754590984975,0.045652031898498535,0.0,0.0,-0.0010969213908538222,0.01648366905363352
0.1669449081803005,0.046109795570373535,0.0,0.0,-0.0010969152208417654,0.01665061420919638
0.1686143572621035,0.046567440032958984,0.0,0.0,-0.001096908817999065,0.016817559373490387
0.17028380634390652,0.047025322914123535,0.0,0.0,-0.0010969025315716863,0.016984504531963634
0.17195325542570952,0.04748332500457764,0.0,0.0,-0.001096896710805595,0.017151449672974575
0.17362270450751252,0.04794108867645264,0.0,0.0,-0.0010968908900395036,0.01731839481398552
0.17529215358931552,0.04839885234832764,0.0,0.0,-0.001096884603612125,0.017485339975369146
0.17696160267111855,0.04885661602020264,0.0,0.0,-0.001096878433600068,0.01765228512802162
0.17863105175292154,0.04931437969207764,0.0,0.0,-0.0010968728456646204,0.017819230260301418
0.18030050083472454,0.04977226257324219,0.0,0.0,-0.0010968669084832072,0.017986175407133126
0.18196994991652754,0.05023002624511719,0.0,0.0,-0.0010968606220558286,0.01815312056560637
0.18363939899833057,0.05068778991699219,0.0,0.0,-0.0010968545684590936,0.018320065715348464
0.18530884808013356,0.05114567279815674,0.0,0.0,-0.0010968490969389677,0.018487010844717874
0.18697829716193656,0.05160331726074219,0.0,0.0,-0.0010968431597575545,0.0186539559886392
0.18864774624373956,0.05206108093261719,0.0,0.0,-0.0010968369897454977,0.01882090114420206
0.1903171953255426,0.05251896381378174,0.0,0.0,-0.0010968312853947282,0.01898784627939224
0.19198664440734559,0.05297672748565674,0.0,0.0,-0.0010968254646286368,0.019154791420403185
0.19365609348914858,0.05343461036682129,0.0,0.0,-0.0010968196438625455,0.01932173656141413
0.19532554257095158,0.05389225482940674,0.0,0.0,-0.0010968138230964541,0.01948868170242507
0.1969949916527546,0.05435001850128174,0.0,0.0,-0.00109680846799165,0.01965562682597372
0.1986644407345576,0.05480790138244629,0.0,0.0,-0.0010968026472255588,0.019822571966984663
0.2003338898163606,0.05526554584503174,0.0,0.0,-0.0010967968264594674,0.019989517107995607
0.2020033388981636,0.05572319030761719,0.0,0.0,-0.0010967911221086979,0.020156462243185784
0.20367278797996663,0.05618107318878174,0.0,0.0,-0.0010967855341732502,0.02032340737546558
0.20534223706176963,0.05663871765136719,0.0,0.0,-0.001096780295483768,0.02049035249319346
0.20701168614357263,0.05709660053253174,0.0,0.0,-0.0010967744747176766,0.020657297634204402
0.20868113522537562,0.05755424499511719,0.0,0.0,-0.001096768886782229,0.0208242427664842
0.21035058430717865,0.05801200866699219,0.0,0.0,-0.001096763415262103,0.020991187892943228
0.21202003338898165,0.05846989154815674,0.0,0.0,-0.0010967579437419772,0.021158133019402257
0.21368948247078465,0.05892765522003174,0.0,0.0,-0.0010967521229758859,0.0213250781604132
0.21535893155258765,0.05938541889190674,0.0,0.0,-0.0010967468842864037,0.02149202327814108
0.21702838063439064,0.05984294414520264,0.0,0.0,-0.001096741296350956,0.021658968410420875
0.21869782971619367,0.06030070781707764,0.0,0.0,-0.0010967362904921174,0.02182591351941761
0.22036727879799667,0.06075859069824219,0.0,0.0,-0.0010967309353873134,0.021992858642966254
0.22203672787979967,0.06121623516082764,0.0,0.0,-0.0010967255802825093,0.022159803763604515
0.22370617696160267,0.06167399883270264,0.0,0.0,-0.0010967202251777053,0.02232674888715316
0.2253756260434057,0.06213176250457764,0.0,0.0,-0.001096714986488223,0.02249369400488104
0.2270450751252087,0.06258940696716309,0.0,0.0,-0.0010967098642140627,0.022660639116788155
0.2287145242070117,0.06304717063903809,0.0,0.0,-0.0010967046255245805,0.022827584234516033
0.2303839732888147,0.06350481510162354,0.0,0.0,-0.0010966992704197764,0.022994529358064678
0.2320534223706177,0.06396245956420898,0.0,0.0,-0.001096694148145616,0.023161474469971795
0.2337228714524207,0.06442022323608398,0.0,0.0,-0.0010966892587020993,0.023328419573147758
0.2353923205342237,0.06487786769866943,0.0,0.0,-0.0010966839035972953,0.023495364696696403
0.2370617696160267,0.06533586978912354,0.0,0.0,-0.0010966790141537786,0.02366230979987237
0.23873121869782973,0.06579339504241943,0.0,0.0,-0.0010966737754642963,0.02382925491760025
0.24040066777963273,0.06625127792358398,0.0,0.0,-0.0010966685367748141,0.023996200035328128
0.24207011686143573,0.06670880317687988,0.0,0.0,-0.0010966637637466192,0.02416314513559371
0.24373956594323873,0.06716644763946533,0.0,0.0,-0.0010966588743031025,0.024330090238769673
0.24540901502504175,0.06762421131134033,0.0,0.0,-0.0010966541012749076,0.02449703533903526
0.24707846410684475,0.06808209419250488,0.0,0.0,-0.0010966494446620345,0.024663980433480073
0.24874791318864775,0.06853973865509033,0.0,0.0,-0.0010966443223878741,0.024830925545387184
0.25041736227045075,0.06899726390838623,0.0,0.0,-0.0010966394329443574,0.02499787064856315
0.25208681135225375,0.06945490837097168,0.0,0.0,-0.0010966348927468061,0.02516481574009758
0.25375626043405675,0.06991267204284668,0.0,0.0,-0.0010966298868879676,0.025331760846183927
0.2554257095158598,0.07037055492401123,0.0,0.0,-0.0010966251138597727,0.025498705946449512
0.2570951585976628,0.07082808017730713,0.0,0.0,-0.0010966204572468996,0.025665651040894327
0.2587646076794658,0.07128584384918213,0.0,0.0,-0.0010966156842187047,0.02583259614115991
0.2604340567612688,0.07174348831176758,0.0,0.0,-0.0010966110276058316,0.025999541235604724
0.2621035058430718,0.07220125198364258,0.0,0.0,-0.0010966064874082804,0.02616648632422877
0.2637729549248748,0.07265877723693848,0.0,0.0,-0.0010966015979647636,0.026333431427404737
0.2654424040066778,0.07311666011810303,0.0,0.0,-0.001096597290597856,0.026500376507297637
0.2671118530884808,0.07357430458068848,0.0,0.0,-0.0010965927504003048,0.026667321598832068
0.2687813021702838,0.07403194904327393,0.0,0.0,-0.0010965879773721099,0.026834266696187267
0.27045075125208684,0.07448959350585938,0.0,0.0,-0.0010965836700052023,0.027001211778990553
0.27212020033388984,0.07494723796844482,0.0,0.0,-0.001096579129807651,0.027168156867614604
0.27378964941569284,0.07540488243103027,0.0,0.0,-0.0010965749388560653,0.02733510194459712
0.27545909849749584,0.07586264610290527,0.0,0.0,-0.0010965701658278704,0.02750204704195232
0.27712854757929883,0.07632017135620117,0.0,0.0,-0.0010965656256303191,0.02766899213348675
0.27879799666110183,0.07677769660949707,0.0,0.0,-0.0010965613182634115,0.02783593721337965
0.28046744574290483,0.07723569869995117,0.0,0.0,-0.0010965571273118258,0.02800288228745178
0.28213689482470783,0.07769322395324707,0.0,0.0,-0.0010965528199449182,0.028169827370255064
0.2838063439065109,0.07815086841583252,0.0,0.0,-0.0010965480469167233,0.028336772467610266
0.2854757929883139,0.07860863208770752,0.0,0.0,-0.001096544205211103,0.02850371753004087
0.2871452420701169,0.07906615734100342,0.0,0.0,-0.0010965398978441954,0.02867066260993377
0.2888146911519199,0.07952380180358887,0.0,0.0,-0.0010965355904772878,0.02883760768982667
0.2904841402337229,0.07998156547546387,0.0,0.0,-0.0010965312831103802,0.02900455277262995
0.2921535893155259,0.08043920993804932,0.0,0.0,-0.0010965274414047599,0.02917149783215017
0.2938230383973289,0.08089685440063477,0.0,0.0,-0.0010965230176225305,0.029338442917863833
0.29549248747913187,0.08135449886322021,0.0,0.0,-0.0010965188266709447,0.029505387994846352
0.2971619365609349,0.08181202411651611,0.0,0.0,-0.001096514519304037,0.029672333074739255
0.2988313856427379,0.08226966857910156,0.0,0.0,-0.0010965104447677732,0.029839278145901007
0.3005008347245409,0.08272731304168701,0.0,0.0,-0.0010965063702315092,0.030006223217062755
0.3021702838063439,0.08318507671356201,0.0,0.0,-0.001096502528525889,0.03017316827949336
0.3038397328881469,0.08364272117614746,0.0,0.0,-0.0010964981047436595,0.030340113365207023
0.3055091819699499,0.08410012722015381,0.0,0.0,-0.0010964939137920737,0.03050705843927916
0.3071786310517529,0.08455789089202881,0.0,0.0,-0.0010964898392558098,0.030674003510440907
0.3088480801335559,0.08501577377319336,0.0,0.0,-0.0010964862303808331,0.03084094856414036
0.31051752921535897,0.08547329902648926,0.0,0.0,-0.0010964825050905347,0.0310078936207502
0.31218697829716197,0.0859307050704956,0.0,0.0,-0.0010964780813083053,0.031174838706463866
0.31385642737896496,0.08638834953308105,0.0,0.0,-0.0010964741231873631,0.03134178377180485
0.31552587646076796,0.0868459939956665,0.0,0.0,-0.001096470165066421,0.03150872884005622
0.31719532554257096,0.08730363845825195,0.0,0.0,-0.0010964659741148353,0.03167567391412835
0.31886477462437396,0.08776140213012695,0.0,0.0,-0.001096462132409215,0.031842618976558955
0.32053422370617696,0.08821892738342285,0.0,0.0,-0.0010964585235342383,0.032009564030258404
0.32220367278797996,0.0886765718460083,0.0,0.0,-0.0010964543325826526,0.032176509104330536
0.32387312186978295,0.08913421630859375,0.0,0.0,-0.001096450607292354,0.03234345416094037
0.325542570951586,0.0895918607711792,0.0,0.0,-0.0010964467655867338,0.03251039922337098
0.327212020033389,0.09004950523376465,0.0,0.0,-0.0010964430402964354,0.03267734427998081
0.328881469115192,0.09050703048706055,0.0,0.0,-0.0010964389657601714,0.032844289351142565
0.330550918196995,0.090964674949646,0.0,0.0,-0.0010964348912239075,0.03301123442230432
0.332220367278798,0.09142208099365234,0.0,0.0,-0.0010964312823489308,0.033178179476003766
0.333889816360601,0.0918799638748169,0.0,0.0,-0.0010964274406433105,0.03334512453843437
0.335559265442404,0.09233748912811279,0.0,0.0,-0.0010964235989376903,0.03351206960086497
0.337228714524207,0.09279513359069824,0.0,0.0,-0.0010964198736473918,0.033679014657474804
0.33889816360601005,0.09325253963470459,0.0,0.0,-0.0010964160319417715,0.033845959719905415
0.34056761268781305,0.09371030330657959,0.0,0.0,-0.0010964121902361512,0.03401290477942563
0.34223706176961605,0.09416782855987549,0.0,0.0,-0.0010964085813611746,0.03417984983312508
0.34390651085141904,0.09462547302246094,0.0,0.0,-0.0010964048560708761,0.03434679488973492
0.34557595993322204,0.09508311748504639,0.0,0.0,-0.0010964007815346122,0.03451373996089667
0.34724540901502504,0.09554064273834229,0.0,0.0,-0.0010963971726596355,0.03468068501459612
0.34891485809682804,0.09599840641021729,0.0,0.0,-0.0010963930981233716,0.03484763008575787
0.35058430717863104,0.09645581245422363,0.0,0.0,-0.0010963893728330731,0.03501457514236771
0.3522537562604341,0.09691333770751953,0.0,0.0,-0.0010963858803734183,0.035181520190246396
0.3539232053422371,0.09737098217010498,0.0,0.0,-0.0010963821550831199,0.03534846524685623
0.3555926544240401,0.09782850742340088,0.0,0.0,-0.0010963784297928214,0.03551541030346607
0.3572621035058431,0.09828627109527588,0.0,0.0,-0.0010963750537484884,0.03568235534843437
0.3589315525876461,0.09874379634857178,0.0,0.0,-0.0010963712120428681,0.035849300410864975
0.3606010016694491,0.09920156002044678,0.0,0.0,-0.001096367253921926,0.03601624547620596
0.3622704507512521,0.09965908527374268,0.0,0.0,-0.0010963635286316276,0.03618319053281579
0.3639398998330551,0.10011649131774902,0.0,0.0,-0.001096359919756651,0.036350135586515245
0.36560934891485813,0.10057413578033447,0.0,0.0,-0.0010963563108816743,0.03651708063730432
0.36727879799666113,0.10103154182434082,0.0,0.0,-0.0010963527020066977,0.03668402569100377
0.36894824707846413,0.10148918628692627,0.0,0.0,-0.0010963489767163992,0.03685097074761361
0.37061769616026713,0.10194683074951172,0.0,0.0,-0.0010963452514261007,0.03701791580422344
0.3722871452420701,0.10240435600280762,0.0,0.0,-0.001096341642551124,0.03718486085792289
0.3739565943238731,0.10286211967468262,0.0,0.0,-0.001096337684430182,0.03735180592326388
0.3756260434056761,0.10331964492797852,0.0,0.0,-0.0010963341919705272,0.037518750971142566
0.3772954924874791,0.10377705097198486,0.0,0.0,-0.0010963301174342632,0.03768569604230432
0.3789649415692821,0.10423469543457031,0.0,0.0,-0.0010963267413899302,0.03785264108727262
0.3806343906510852,0.10469222068786621,0.0,0.0,-0.00109632289968431,0.03801958614970322
0.3823038397328882,0.10514974594116211,0.0,0.0,-0.001096319523639977,0.038186531191761144
0.38397328881469117,0.10560739040374756,0.0,0.0,-0.0010963156819343567,0.03835347625419175
0.38564273789649417,0.1060647964477539,0.0,0.0,-0.0010963118402287364,0.038520421316622346
0.38731218697829717,0.1065225601196289,0.0,0.0,-0.0010963082313537598,0.038687366367411415
0.38898163606010017,0.1069798469543457,0.0,0.0,-0.0010963046224787831,0.03885431142111087
0.39065108514190316,0.10743749141693115,0.0,0.0,-0.0010963007807731628,0.03902125648354147
0.39232053422370616,0.1078951358795166,0.0,0.0,-0.0010962971718981862,0.03918820153433054
0.3939899833055092,0.1083526611328125,0.0,0.0,-0.0010962935630232096,0.03935514658802999
0.3956594323873122,0.10881030559539795,0.0,0.0,-0.0010962897213175893,0.0395220916504606
0.3973288814691152,0.1092677116394043,0.0,0.0,-0.0010962862288579345,0.039689036698339286
0.3989983305509182,0.1097252368927002,0.0,0.0,-0.0010962820379063487,0.03985598177241142
0.4006677796327212,0.11018288135528564,0.0,0.0,-0.0010962783126160502,0.040022926829021255
0.4023372287145242,0.11064040660858154,0.0,0.0,-0.0010962747037410736,0.040189871882720704
0.4040066777963272,0.11109793186187744,0.0,0.0,-0.0010962713276967406,0.040356816924778625
0.4056761268781302,0.11155557632446289,0.0,0.0,-0.0010962671367451549,0.04052376200176114
0.40734557595993326,0.11201310157775879,0.0,0.0,-0.0010962636442855,0.040690707049639833
0.40901502504173626,0.11247062683105469,0.0,0.0,-0.0010962601518258452,0.040857652097518515
0.41068447412353926,0.11292815208435059,0.0,0.0,-0.0010962559608742595,0.041024597174501035
0.41235392320534225,0.11338567733764648,0.0,0.0,-0.0010962524684146047,0.04119154222237972
0.41402337228714525,0.11384320259094238,0.0,0.0,-0.0010962483938783407,0.04135848729354147
0.41569282136894825,0.11430096626281738,0.0,0.0,-0.001096244901418686,0.04152543234142016
0.41736227045075125,0.11475837230682373,0.0,0.0,-0.0010962411761283875,0.041692377398029994
0.41903171953255425,0.11521589756011963,0.0,0.0,-0.0010962373344227672,0.04185932246046059
0.4207011686143573,0.11567342281341553,0.0,0.0,-0.0010962337255477905,0.04202626751124967
0.4223706176961603,0.11613082885742188,0.0,0.0,-0.0010962297674268484,0.04219321257950104
0.4240400667779633,0.11658847332000732,0.0,0.0,-0.00109622604213655,0.04236015763611087
0.4257095158597663,0.11704599857330322,0.0,0.0,-0.001096221967600286,0.04252710270727262
0.4273789649415693,0.11750340461730957,0.0,0.0,-0.0010962183587253094,0.04269404775806169
0.4290484140233723,0.11796081066131592,0.0,0.0,-0.001096214633435011,0.042860992817581905
0.4307178631051753,0.11841845512390137,0.0,0.0,-0.001096210558898747,0.04302793788874366
0.4323873121869783,0.11887598037719727,0.0,0.0,-0.0010962069500237703,0.043194882939532726
0.4340567612687813,0.11933350563049316,0.0,0.0,-0.0010962028754875064,0.04336182801069448
0.43572621035058434,0.11979103088378906,0.0,0.0,-0.001096199033781886,0.04352877307312508
0.43739565943238734,0.12024843692779541,0.0,0.0,-0.001096195075660944,0.043695718138466066
0.43906510851419034,0.12070608139038086,0.0,0.0,-0.001096191699616611,0.043862663183434375
0.44073455759599334,0.12116360664367676,0.0,0.0,-0.0010961875086650252,0.04402960825750651
0.44240400667779634,0.1216210126876831,0.0,0.0,-0.0010961835505440831,0.04419655332575787
0.44407345575959933,0.122078537940979,0.0,0.0,-0.0010961797088384628,0.044363498388188476
0.44574290484140233,0.1225360631942749,0.0,0.0,-0.0010961758671328425,0.04453044344770869
0.44741235392320533,0.12299346923828125,0.0,0.0,-0.0010961716761812568,0.04469738852469121
0.4490818030050084,0.1234508752822876,0.0,0.0,-0.0010961679508909583,0.04486433358130105
0.4507512520868114,0.12390851974487305,0.0,0.0,-0.0010961638763546944,0.0450312786524628
0.4524207011686144,0.12436628341674805,0.0,0.0,-0.001096160151064396,0.04519822370907264
0.4540901502504174,0.12482357025146484,0.0,0.0,-0.001096156076528132,0.04536516878023439
0.4557595993322204,0.1252809762954712,0.0,0.0,-0.0010961517691612244,0.04553211386303767
0.4574290484140234,0.1257385015487671,0.0,0.0,-0.0010961481602862477,0.04569905891382674
0.4590984974958264,0.126196026802063,0.0,0.0,-0.0010961442021653056,0.0458660039820781
0.4607679465776294,0.12665367126464844,0.0,0.0,-0.0010961403604596853,0.046032949041598326
0.4624373956594324,0.12711107730865479,0.0,0.0,-0.0010961362859234214,0.04619989411276008
0.4641068447412354,0.12756848335266113,0.0,0.0,-0.0010961322113871574,0.04636683918392183
0.4657762938230384,0.12802588939666748,0.0,0.0,-0.0010961281368508935,0.04653378425508358
0.4674457429048414,0.12848341464996338,0.0,0.0,-0.0010961239458993077,0.04670072933206609
0.4691151919866444,0.12894093990325928,0.0,0.0,-0.0010961201041936874,0.0468676743944967
0.4707846410684474,0.12939846515655518,0.0,0.0,-0.0010961160296574235,0.04703461946565845
0.4724540901502504,0.12985610961914062,0.0,0.0,-0.0010961119551211596,0.0472015645368202
0.4741235392320534,0.13031327724456787,0.0,0.0,-0.0010961078805848956,0.047368509607981946
0.47579298831385647,0.13077068328857422,0.0,0.0,-0.0010961040388792753,0.04753545467041256
0.47746243739565947,0.13122832775115967,0.0,0.0,-0.0010960998479276896,0.04770239974448469
0.47913188647746247,0.13168573379516602,0.0,0.0,-0.0010960960062220693,0.04786934480691529
0.48080133555926546,0.13214313983917236,0.0,0.0,-0.0010960913496091962,0.04803628990136011
0.48247078464106846,0.13260066509246826,0.0,0.0,-0.001096087391488254,0.04820323496670109
0.48414023372287146,0.1330583095550537,0.0,0.0,-0.001096083433367312,0.048370180034952456
0.48580968280467446,0.13351571559906006,0.0,0.0,-0.0010960791260004044,0.048537125114845356
0.48747913188647746,0.1339731216430664,0.0,0.0,-0.0010960748186334968,0.048704070194738255
0.48914858096828046,0.1344304084777832,0.0,0.0,-0.0010960710933431983,0.04887101525134809
0.4908180300500835,0.13488805294036865,0.0,0.0,-0.0010960669023916125,0.04903796032833061
0.4924874791318865,0.135345458984375,0.0,0.0,-0.001096062595024705,0.04920490540822351
0.4941569282136895,0.13580286502838135,0.0,0.0,-0.001096058520488441,0.04937185047938526
0.4958263772954925,0.13626039028167725,0.0,0.0,-0.0010960540967062116,0.04953879556509893
0.4974958263772955,0.1367177963256836,0.0,0.0,-0.0010960496729239821,0.049705740650812597
0.4991652754590985,0.13717520236968994,0.0,0.0,-0.0010960458312183619,0.049872685713243194
0.5008347245409015,0.13763272762298584,0.0,0.0,-0.0010960415238514543,0.05003963079313609
0.5025041736227045,0.13809025287628174,0.0,0.0,-0.0010960374493151903,0.050206575864297845
0.5041736227045075,0.13854753971099854,0.0,0.0,-0.001096032909117639,0.05037352095292189
0.5058430717863105,0.13900518417358398,0.0,0.0,-0.0010960290674120188,0.050540466015352496
0.5075125208681135,0.13946259021759033,0.0,0.0,-0.0010960247600451112,0.050707411095245396
0.5091819699499165,0.13991987705230713,0.0,0.0,-0.0010960204526782036,0.050874356175138295
0.5108514190317196,0.14037728309631348,0.0,0.0,-0.001096016145311296,0.05104130125794159
0.5125208681135226,0.14083480834960938,0.0,0.0,-0.0010960119543597102,0.05120824633201372
0.5141903171953256,0.14129209518432617,0.0,0.0,-0.001096007414162159,0.051375191423548155
0.5158597662771286,0.14174973964691162,0.0,0.0,-0.0010960032232105732,0.05154213649762029
0.5175292153589316,0.14220714569091797,0.0,0.0,-0.0010959989158436656,0.05170908157751319
0.5191986644407346,0.14266455173492432,0.0,0.0,-0.0010959947248920798,0.0518760266544957
0.5208681135225376,0.14312207698822021,0.0,0.0,-0.0010959901846945286,0.052042971743119754
0.5225375626043406,0.143579363822937,0.0,0.0,-0.0010959861101582646,0.0522099168142815
0.5242070116861436,0.14403676986694336,0.0,0.0,-0.001095981802791357,0.052376861897084785
0.5258764607679466,0.14449405670166016,0.0,0.0,-0.0010959774954244494,0.052543806976977685
0.5275459098497496,0.14495158195495605,0.0,0.0,-0.0010959733044728637,0.05271075205104982
0.5292153589315526,0.1454089879989624,0.0,0.0,-0.0010959686478599906,0.05287769714549463
0.5308848080133556,0.1458665132522583,0.0,0.0,-0.001095964340493083,0.05304464222829791
0.5325542570951586,0.14632391929626465,0.0,0.0,-0.0010959600331261754,0.05321158730819081
0.5342237061769616,0.146781325340271,0.0,0.0,-0.0010959557257592678,0.05337853238808371
0.5358931552587646,0.14723873138427734,0.0,0.0,-0.0010959514183923602,0.05354547746797661
0.5375626043405676,0.14769601821899414,0.0,0.0,-0.0010959469946101308,0.05371242255369028
0.5392320534223707,0.1481534242630005,0.0,0.0,-0.0010959426872432232,0.05387936763358319
0.5409015025041737,0.1486109495162964,0.0,0.0,-0.0010959382634609938,0.05404631271929686
0.5425709515859767,0.14906823635101318,0.0,0.0,-0.0010959337232634425,0.054213257807920905
0.5442404006677797,0.14952576160430908,0.0,0.0,-0.0010959295323118567,0.05438020288490342
0.5459098497495827,0.14998316764831543,0.0,0.0,-0.001095925341360271,0.054547147961885936
0.5475792988313857,0.15044045448303223,0.0,0.0,-0.001095920684747398,0.05471409305633075
0.5492487479131887,0.15089797973632812,0.0,0.0,-0.001095916610211134,0.0548810381274925
0.5509181969949917,0.15135526657104492,0.0,0.0,-0.0010959119535982609,0.05504798322193732
0.5525876460767947,0.15181279182434082,0.0,0.0,-0.0010959077626466751,0.05521492829600945
0.5542570951585977,0.15227031707763672,0.0,0.0,-0.0010959034552797675,0.05538187337590235
0.5559265442404007,0.15272736549377441,0.0,0.0,-0.0010958989150822163,0.055548818467436784
0.5575959933222037,0.15318500995635986,0.0,0.0,-0.001095894374884665,0.05571576355606083
0.5592654424040067,0.1536421775817871,0.0,0.0,-0.0010958899511024356,0.0558827086417745
0.5609348914858097,0.15409958362579346,0.0,0.0,-0.0010958857601508498,0.05604965371875701
0.5626043405676127,0.1545569896697998,0.0,0.0,-0.0010958812199532986,0.05621659880738106
0.5642737896494157,0.15501439571380615,0.0,0.0,-0.001095876912586391,0.05638354388727396
0.5659432387312188,0.1554718017578125,0.0,0.0,-0.001095872255973518,0.056550488981718786
0.5676126878130218,0.15592920780181885,0.0,0.0,-0.0010958684142678976,0.05671743404414939
0.5692821368948248,0.1563863754272461,0.0,0.0,-0.001095863408409059,0.05688437915314612
0.5709515859766278,0.156843900680542,0.0,0.0,-0.0010958596831187606,0.05705132420975595
0.5726210350584308,0.1573014259338379,0.0,0.0,-0.0010958550265058875,0.057218269304200764
0.5742904841402338,0.15775847434997559,0.0,0.0,-0.0010958503698930144,0.05738521439864558
0.5759599332220368,0.15821599960327148,0.0,0.0,-0.0010958460625261068,0.05755215947853848
0.5776293823038398,0.15867340564727783,0.0,0.0,-0.0010958416387438774,0.057719104564252145
0.5792988313856428,0.15913069248199463,0.0,0.0,-0.0010958373313769698,0.057886049644145045
0.5809682804674458,0.15958809852600098,0.0,0.0,-0.001095833140425384,0.058052994721127564
0.5826377295492488,0.16004550457000732,0.0,0.0,-0.001095828483812511,0.05821993981557238
0.5843071786310517,0.16050267219543457,0.0,0.0,-0.0010958242928609252,0.05838688488964451
0.5859766277128547,0.16096007823944092,0.0,0.0,-0.0010958198690786958,0.05855382997535818
0.5876460767946577,0.16141748428344727,0.0,0.0,-0.00109581567812711,0.05872077505234069
0.5893155258764607,0.16187500953674316,0.0,0.0,-0.001095811021514237,0.058887720146785505
0.5909849749582637,0.16233205795288086,0.0,0.0,-0.0010958067141473293,0.059054665226678404
0.5926544240400667,0.16278958320617676,0.0,0.0,-0.0010958022903651,0.05922161031239207
0.5943238731218699,0.1632469892501831,0.0,0.0,-0.001095798215828836,0.05938855538355384
0.5959933222036728,0.16370415687561035,0.0,0.0,-0.0010957936756312847,0.059555500472177884
0.5976627712854758,0.1641615629196167,0.0,0.0,-0.0010957893682643771,0.059722445552070784
0.5993322203672788,0.16461896896362305,0.0,0.0,-0.0010957851773127913,0.059889390629053296
0.6010016694490818,0.1650761365890503,0.0,0.0,-0.0010957805206999183,0.06005633572349811
0.6026711185308848,0.16553378105163574,0.0,0.0,-0.0010957763297483325,0.06022328080048063
0.6043405676126878,0.165990948677063,0.0,0.0,-0.0010957716731354594,0.060390225894925445
0.6060100166944908,0.1664484739303589,0.0,0.0,-0.0010957675985991955,0.0605571709660872
0.6076794657762938,0.16690540313720703,0.0,0.0,-0.0010957634076476097,0.06072411604015933
0.6093489148580968,0.16736292839050293,0.0,0.0,-0.0010957591002807021,0.06089106112005223
0.6110183639398998,0.16782033443450928,0.0,0.0,-0.0010957547929137945,0.06105800620285551
0.6126878130217028,0.16827750205993652,0.0,0.0,-0.001095750485546887,0.06122495128274841
0.6143572621035058,0.16873490810394287,0.0,0.0,-0.0010957461781799793,0.06139189636264131
0.6160267111853088,0.16919219493865967,0.0,0.0,-0.00109574175439775,0.061558841448354974
0.6176961602671118,0.16964948177337646,0.0,0.0,-0.0010957377962768078,0.06172578651369596
0.6193656093489148,0.17010676860809326,0.0,0.0,-0.0010957334889099002,0.06189273159358886
0.6210350584307179,0.1705641746520996,0.0,0.0,-0.0010957288322970271,0.06205967668803369
0.6227045075125209,0.17102158069610596,0.0,0.0,-0.0010957246413454413,0.0622266217650162
0.6243739565943239,0.1714789867401123,0.0,0.0,-0.0010957206832244992,0.06239356683035718
0.6260434056761269,0.17193603515625,0.0,0.0,-0.0010957163758575916,0.06256051191316046
0.6277128547579299,0.17239344120025635,0.0,0.0,-0.0010957119520753622,0.06272745699596376
0.6293823038397329,0.17285072803497314,0.0,0.0,-0.001095708110369742,0.06289440205839435
0.6310517529215359,0.17330801486968994,0.0,0.0,-0.0010957034537568688,0.06306134715283916
0.6327212020033389,0.1737654209136963,0.0,0.0,-0.0010956994956359267,0.06322829222109054
0.6343906510851419,0.17422270774841309,0.0,0.0,-0.0010956955375149846,0.06339523728643152
0.6360601001669449,0.17467999458312988,0.0,0.0,-0.0010956911137327552,0.06356218237214518
0.6377295492487479,0.17513728141784668,0.0,0.0,-0.001095687272027135,0.06372912743457579
0.6393989983305509,0.17559468746185303,0.0,0.0,-0.0010956830810755491,0.06389607250864791
0.6410684474123539,0.17605185508728027,0.0,0.0,-0.0010956790065392852,0.06406301757980967
0.6427378964941569,0.17650914192199707,0.0,0.0,-0.001095674466341734,0.0642299626713441
0.6444073455759599,0.17696630954742432,0.0,0.0,-0.0010956708574667573,0.06439690772213318
0.6460767946577629,0.17742371559143066,0.0,0.0,-0.0010956664336845279,0.06456385280784684
0.6477462437395659,0.17788100242614746,0.0,0.0,-0.0010956625919789076,0.06473079787027744
0.649415692821369,0.17833852767944336,0.0,0.0,-0.0010956584010273218,0.06489774294434958
0.651085141903172,0.1787954568862915,0.0,0.0,-0.0010956544429063797,0.06506468801260094
0.652754590984975,0.17925286293029785,0.0,0.0,-0.0010956504847854376,0.06523163307794193
0.654424040066778,0.17971014976501465,0.0,0.0,-0.0010956462938338518,0.06539857815492445
0.656093489148581,0.180167555809021,0.0,0.0,-0.0010956424521282315,0.06556552321735505
0.657762938230384,0.18062472343444824,0.0,0.0,-0.0010956382611766458,0.06573246829142719
0.659432387312187,0.1810818910598755,0.0,0.0,-0.001095634768716991,0.06589941333930587
0.66110183639399,0.18153917789459229,0.0,0.0,-0.0010956301121041179,0.06606635843375068
0.662771285475793,0.18199658393859863,0.0,0.0,-0.001095626619644463,0.06623330348162937
0.664440734557596,0.18245387077331543,0.0,0.0,-0.0010956223122775555,0.06640024856152227
0.666110183639399,0.18291103839874268,0.0,0.0,-0.001095618586987257,0.06656719362104249
0.667779632721202,0.18336832523345947,0.0,0.0,-0.0010956143960356712,0.06673413869511462
0.669449081803005,0.18382561206817627,0.0,0.0,-0.0010956106707453728,0.06690108375172446
0.671118530884808,0.18428301811218262,0.0,0.0,-0.0010956070618703961,0.06706802880542391
0.672787979966611,0.18474018573760986,0.0,0.0,-0.0010956027545034885,0.06723497388531681
0.674457429048414,0.18519747257232666,0.0,0.0,-0.001095599145628512,0.06740191893901626
0.6761268781302171,0.18565452098846436,0.0,0.0,-0.0010955951875075698,0.06756886400435726
0.6777963272120201,0.1861119270324707,0.0,0.0,-0.001095591695047915,0.06773580905223595
0.6794657762938231,0.1865692138671875,0.0,0.0,-0.0010955879697576165,0.06790275410884578
0.6811352253756261,0.1870262622833252,0.0,0.0,-0.0010955838952213526,0.06806969918000753
0.6828046744574291,0.18748366832733154,0.0,0.0,-0.0010955806355923414,0.06823664421915507
0.6844741235392321,0.18794095516204834,0.0,0.0,-0.0010955764446407557,0.06840358929613759
0.6861435726210351,0.18839812278747559,0.0,0.0,-0.0010955727193504572,0.06857053435274742
0.6878130217028381,0.18885552883148193,0.0,0.0,-0.0010955692268908024,0.0687374794006261
0.6894824707846411,0.18931269645690918,0.0,0.0,-0.001095565385185182,0.06890442446305671
0.6911519198664441,0.18976974487304688,0.0,0.0,-0.0010955618927255273,0.06907136951093538
0.6928213689482471,0.19022715091705322,0.0,0.0,-0.0010955578181892633,0.06923831458209714
0.6944908180300501,0.19068431854248047,0.0,0.0,-0.0010955543257296085,0.06940525962997583
0.6961602671118531,0.19114172458648682,0.0,0.0,-0.0010955509496852756,0.06957220467203375
0.6978297161936561,0.19159889221191406,0.0,0.0,-0.001095547224394977,0.06973914972864358
0.6994991652754591,0.1920560598373413,0.0,0.0,-0.0010955436155200005,0.06990609478234304
0.7011686143572621,0.1925133466720581,0.0,0.0,-0.0010955400066450238,0.07007303983604249
0.7028380634390651,0.1929706335067749,0.0,0.0,-0.001095536514185369,0.07023998488392118
0.7045075125208682,0.1934279203414917,0.0,0.0,-0.0010955330217257142,0.07040692993179987
0.7061769616026712,0.19388508796691895,0.0,0.0,-0.0010955294128507376,0.07057387498258894
0.7078464106844742,0.19434237480163574,0.0,0.0,-0.0010955259203910828,0.07074082003046762
0.7095158597662772,0.194799542427063,0.0,0.0,-0.0010955226607620716,0.07090776506961516
0.7111853088480802,0.19525659084320068,0.0,0.0,-0.0010955191683024168,0.07107471011749385
0.7128547579298832,0.19571399688720703,0.0,0.0,-0.0010955155594274402,0.0712416551711933
0.7145242070116862,0.19617128372192383,0.0,0.0,-0.0010955121833831072,0.07140860021325122
0.7161936560934892,0.19662857055664062,0.0,0.0,-0.0010955090401694179,0.07157554524657798
0.7178631051752922,0.19708561897277832,0.0,0.0,-0.0010955054312944412,0.07174249030027745
0.7195325542570952,0.19754302501678467,0.0,0.0,-0.0010955019388347864,0.07190943534815612
0.7212020033388982,0.19800019264221191,0.0,0.0,-0.001095498795621097,0.0720763803814829
0.7228714524207012,0.19845736026763916,0.0,0.0,-0.0010954956524074078,0.07224332541480967
0.7245409015025042,0.19891464710235596,0.0,0.0,-0.0010954920435324311,0.07241027046850912
0.7262103505843072,0.1993718147277832,0.0,0.0,-0.0010954885510727763,0.07257721551638781
0.7278797996661102,0.1998291015625,0.0,0.0,-0.001095485407859087,0.07274416054971458
0.7295492487479132,0.2002861499786377,0.0,0.0,-0.001095482031814754,0.0729111055917725
0.7312186978297163,0.2007434368133545,0.0,0.0,-0.0010954790050163865,0.0730780506221889
0.7328881469115193,0.20120060443878174,0.0,0.0,-0.0010954755125567317,0.07324499567006758
0.7345575959933223,0.20165777206420898,0.0,0.0,-0.001095472602173686,0.07341194069466321
0.7362270450751253,0.20211505889892578,0.0,0.0,-0.001095469226129353,0.07357888573672113
0.7378964941569283,0.20257222652435303,0.0,0.0,-0.00109546585008502,0.07374583078168943
0.7395659432387313,0.20302939414978027,0.0,0.0,-0.0010954630561172962,0.07391277580046428
0.7412353923205343,0.20348680019378662,0.0,0.0,-0.001095459796488285,0.07407972083961183
0.7429048414023373,0.20394384860992432,0.0,0.0,-0.0010954568861052394,0.07424666586420745
0.7445742904841403,0.2044011354446411,0.0,0.0,-0.0010954536264762282,0.07441361090335498
0.7462437395659433,0.20485830307006836,0.0,0.0,-0.001095450366847217,0.07458055594250251
0.7479131886477463,0.20531558990478516,0.0,0.0,-0.0010954473400488496,0.07474750097000853
0.7495826377295493,0.20577263832092285,0.0,0.0,-0.001095444313250482,0.0749144460004249
0.7512520868113522,0.20622992515563965,0.0,0.0,-0.0010954415192827582,0.07508139101919976
0.7529215358931552,0.2066870927810669,0.0,0.0,-0.0010954381432384253,0.07524833606416807
0.7545909849749582,0.20714426040649414,0.0,0.0,-0.0010954352328553796,0.07541528108876369
0.7562604340567612,0.2076014280319214,0.0,0.0,-0.001095432206057012,0.07558222611626969
0.7579298831385642,0.20805871486663818,0.0,0.0,-0.0010954291792586446,0.07574917114668608
0.7595993322203674,0.20851588249206543,0.0,0.0,-0.001095426152460277,0.0759161161741921
0.7612687813021703,0.20897293090820312,0.0,0.0,-0.0010954237077385187,0.07608306118132542
0.7629382303839733,0.20943033695220947,0.0,0.0,-0.001095420215278864,0.07625000622920411
0.7646076794657763,0.20988726615905762,0.0,0.0,-0.0010954175377264619,0.07641695124506859
0.7662771285475793,0.21034455299377441,0.0,0.0,-0.0010954145109280944,0.07658389627257459
0.7679465776293823,0.21080172061920166,0.0,0.0,-0.0010954117169603705,0.07675084129425983
0.7696160267111853,0.2112588882446289,0.0,0.0,-0.0010954088065773249,0.07691778631885544
0.7712854757929883,0.2117161750793457,0.0,0.0,-0.0010954057797789574,0.07708473134636146
0.7729549248747913,0.21217334270477295,0.0,0.0,-0.0010954032186418772,0.07725167635931554
0.7746243739565943,0.21263039112091064,0.0,0.0,-0.0010954003082588315,0.07741862138391116
0.7762938230383973,0.213087797164917,0.0,0.0,-0.0010953977471217513,0.07758556639395486
0.7779632721202003,0.2135448455810547,0.0,0.0,-0.0010953948367387056,0.0777525114185505
0.7796327212020033,0.21400213241577148,0.0,0.0,-0.0010953918099403381,0.0779194564460565
0.7813021702838063,0.21445918083190918,0.0,0.0,-0.0010953888995572925,0.07808640147065211
0.7829716193656093,0.21491634845733643,0.0,0.0,-0.0010953862220048904,0.07825334648651659
0.7846410684474123,0.21537351608276367,0.0,0.0,-0.0010953833116218448,0.07842029151111221
0.7863105175292154,0.21583080291748047,0.0,0.0,-0.0010953809833154082,0.07858723651242477
0.7879799666110184,0.21628808975219727,0.0,0.0,-0.0010953779565170407,0.07875418154284117
0.7896494156928214,0.21674489974975586,0.0,0.0,-0.0010953752789646387,0.07892112655870565
0.7913188647746244,0.21720218658447266,0.0,0.0,-0.0010953726014122367,0.07908807157165973
0.7929883138564274,0.21765947341918945,0.0,0.0,-0.001095369691029191,0.07925501659625535
0.7946577629382304,0.21811652183532715,0.0,0.0,-0.001095367013476789,0.07942196161211983
0.7963272120200334,0.2185736894607544,0.0,0.0,-0.0010953645687550306,0.07958890661925315
0.7979966611018364,0.2190309762954712,0.0,0.0,-0.0010953618912026286,0.07975585163511761
0.7996661101836394,0.2194880247116089,0.0,0.0,-0.0010953592136502266,0.07992279664807171
0.8013355592654424,0.21994507312774658,0.0,0.0,-0.0010953564196825027,0.08008974166975695
0.8030050083472454,0.22040224075317383,0.0,0.0,-0.001095353509299457,0.08025668669435257
0.8046744574290484,0.22085952758789062,0.0,0.0,-0.0010953509481623769,0.08042363170439627
0.8063439065108514,0.22131681442260742,0.0,0.0,-0.0010953483870252967,0.08059057671443998
0.8080133555926544,0.22177386283874512,0.0,0.0,-0.0010953455930575728,0.08075752173612522
0.8096828046744574,0.2222309112548828,0.0,0.0,-0.0010953431483358145,0.08092446674034816
0.8113522537562604,0.2226881980895996,0.0,0.0,-0.0010953409364446998,0.08109141173875034
0.8130217028380634,0.22314536571502686,0.0,0.0,-0.0010953376768156886,0.0812583567749875
0.8146911519198665,0.22360241413116455,0.0,0.0,-0.001095335464924574,0.08142530177338968
0.8163606010016695,0.22405970096588135,0.0,0.0,-0.0010953329037874937,0.08159224678343338
0.8180300500834725,0.22451674938201904,0.0,0.0,-0.001095329993404448,0.081759191808029
0.8196994991652755,0.2249739170074463,0.0,0.0,-0.001095327315852046,0.08192613682389348
0.8213689482470785,0.22543096542358398,0.0,0.0,-0.001095324638299644,0.08209308183975794
0.8230383973288815,0.22588825225830078,0.0,0.0,-0.0010953223099932075,0.0822600268410705
0.8247078464106845,0.22634518146514893,0.0,0.0,-0.0010953197488561273,0.08242697185111421
0.8263772954924875,0.22680246829986572,0.0,0.0,-0.001095317187719047,0.08259391686115791
0.8280467445742905,0.22725963592529297,0.0,0.0,-0.0010953142773360014,0.08276086188575354
0.8297161936560935,0.22771680355072021,0.0,0.0,-0.0010953115997835994,0.08292780690161801
0.8313856427378965,0.22817397117614746,0.0,0.0,-0.001095309155061841,0.08309475190584095
0.8330550918196995,0.22863101959228516,0.0,0.0,-0.0010953065939247608,0.08326169691879504
0.8347245409015025,0.22908830642700195,0.0,0.0,-0.0010953036835417151,0.08342864194339067
0.8363939899833055,0.22954535484313965,0.0,0.0,-0.0010953013552352786,0.08359558694470322
0.8380634390651085,0.23000240325927734,0.0,0.0,-0.0010952987940981984,0.08376253195474692
0.8397328881469115,0.2304595708847046,0.0,0.0,-0.0010952960001304746,0.08392947697352178
0.8414023372287146,0.23091673851013184,0.0,0.0,-0.0010952933225780725,0.08409642198938627
0.8430717863105176,0.23137378692626953,0.0,0.0,-0.0010952908778563142,0.0842633669965196
0.8447412353923206,0.23183107376098633,0.0,0.0,-0.0010952879674732685,0.08443031202111521
0.8464106844741236,0.23228800296783447,0.0,0.0,-0.0010952851735055447,0.08459725703989007
0.8480801335559266,0.23274540901184082,0.0,0.0,-0.0010952823795378208,0.08476420205866492
0.8497495826377296,0.23320233821868896,0.0,0.0,-0.001095279585570097,0.08493114708035016
0.8514190317195326,0.2336595058441162,0.0,0.0,-0.0010952772572636604,0.08509809208166272
0.8530884808013356,0.23411667346954346,0.0,0.0,-0.0010952746961265802,0.08526503709170642
0.8547579298831386,0.2345738410949707,0.0,0.0,-0.0010952720185741782,0.0854319821075709
0.8564273789649416,0.23503077030181885,0.0,0.0,-0.0010952691081911325,0.08559892713216652
0.8580968280467446,0.2354879379272461,0.0,0.0,-0.0010952664306387305,0.085765872148031
0.8597662771285476,0.2359452247619629,0.0,0.0,-0.0010952636366710067,0.08593281716680584
0.8614357262103506,0.23640215396881104,0.0,0.0,-0.0010952610755339265,0.08609976217684956
0.8631051752921536,0.23685932159423828,0.0,0.0,-0.0010952585143968463,0.08626670718689326
0.8647746243739566,0.23731648921966553,0.0,0.0,-0.0010952556040138006,0.08643365221148888
0.8664440734557596,0.23777353763580322,0.0,0.0,-0.0010952524608001113,0.08660059724772604
0.8681135225375626,0.23823070526123047,0.0,0.0,-0.001095249899663031,0.08676754225776974
0.8697829716193657,0.23868787288665771,0.0,0.0,-0.001095247338525951,0.08693448726781346
0.8714524207011687,0.2391449213027954,0.0,0.0,-0.0010952444281429052,0.08710143229240908
0.8731218697829717,0.23960208892822266,0.0,0.0,-0.0010952414013445377,0.08726837732282547
0.8747913188647747,0.24005937576293945,0.0,0.0,-0.001095238490961492,0.08743532234742109
0.8764607679465777,0.2405163049697876,0.0,0.0,-0.0010952354641631246,0.0876022673749271
0.8781302170283807,0.24097323417663574,0.0,0.0,-0.001095232437364757,0.08776921240534348
0.8797996661101837,0.241430401802063,0.0,0.0,-0.0010952296433970332,0.08793615742411834
0.8814691151919867,0.24188768863677979,0.0,0.0,-0.0010952268494293094,0.08810310244580358
0.8831385642737897,0.24234473705291748,0.0,0.0,-0.0010952235898002982,0.08827004748204073
0.8848080133555927,0.24280190467834473,0.0,0.0,-0.0010952205630019307,0.08843699251245712
0.8864774624373957,0.24325895309448242,0.0,0.0,-0.001095217652618885,0.08860393753705274
0.8881469115191987,0.24371600151062012,0.0,0.0,-0.001095214276574552,0.08877088257911066
0.8898163606010017,0.2441730499267578,0.0,0.0,-0.0010952114826068282,0.0889378276007959
0.8914858096828047,0.24463021755218506,0.0,0.0,-0.0010952083393931389,0.08910477263412267
0.8931552587646077,0.2450873851776123,0.0,0.0,-0.0010952051961794496,0.08927171766744944
0.8948247078464107,0.24554443359375,0.0,0.0,-0.0010952019365504384,0.08943866270659698
0.8964941569282138,0.2460014820098877,0.0,0.0,-0.001095198793336749,0.08960560773992376
0.8981636060100168,0.2464587688446045,0.0,0.0,-0.0010951956501230597,0.08977255277325052
0.8998330550918198,0.24691569805145264,0.0,0.0,-0.0010951920412480831,0.08993949782694999
0.9015025041736228,0.24737286567687988,0.0,0.0,-0.0010951891308650374,0.0901064428515456
0.9031719532554258,0.24783003330230713,0.0,0.0,-0.0010951856384053826,0.0902733878994243
0.9048414023372288,0.24828696250915527,0.0,0.0,-0.0010951826116070151,0.09044033292984067
0.9065108514190318,0.24874413013458252,0.0,0.0,-0.0010951791191473603,0.09060727797771936
0.9081803005008348,0.24920117855072021,0.0,0.0,-0.0010951755102723837,0.09077422302850843
0.9098497495826378,0.24965810775756836,0.0,0.0,-0.0010951720178127289,0.09094116807638712
0.9115191986644408,0.25011539459228516,0.0,0.0,-0.001095168641768396,0.09110811312135542
0.9131886477462438,0.25057244300842285,0.0,0.0,-0.0010951648000627756,0.09127505818087564
0.9148580968280468,0.251029372215271,0.0,0.0,-0.001095161191187799,0.09144200323457509
0.9165275459098498,0.2514866590499878,0.0,0.0,-0.0010951572330668569,0.09160894829991607
0.9181969949916527,0.25194358825683594,0.0,0.0,-0.0010951540898531675,0.09177589333615323
0.9198664440734557,0.2524007558822632,0.0,0.0,-0.0010951501317322254,0.09194283840149421
0.9215358931552587,0.25285768508911133,0.0,0.0,-0.0010951462900266051,0.09210978346392482
0.9232053422370617,0.253314733505249,0.0,0.0,-0.0010951425647363067,0.09227672852053465
0.9248747913188649,0.25377190113067627,0.0,0.0,-0.0010951387230306864,0.09244367358296526
0.9265442404006679,0.25422918796539307,0.0,0.0,-0.0010951346484944224,0.09261061865412701
0.9282136894824708,0.25468599796295166,0.0,0.0,-0.0010951308067888021,0.09277756371655761
0.9298831385642738,0.25514328479766846,0.0,0.0,-0.0010951270814985037,0.09294450877316746
0.9315525876460768,0.25560009479522705,0.0,0.0,-0.0010951230069622397,0.0931114538443292
0.9332220367278798,0.2560572624206543,0.0,0.0,-0.001095118816010654,0.09327839891840134
0.9348914858096828,0.25651443004608154,0.0,0.0,-0.0010951143922284245,0.093445344004115
0.9365609348914858,0.25697124004364014,0.0,0.0,-0.0010951099684461951,0.09361228908982866
0.9382303839732888,0.25742852687835693,0.0,0.0,-0.001095106010325253,0.09377923415516964
0.9398998330550918,0.2578854560852051,0.0,0.0,-0.0010951018193736672,0.09394617923215216
0.9415692821368948,0.2583425045013428,0.0,0.0,-0.0010950971627607942,0.09411312432659698
0.9432387312186978,0.25879955291748047,0.0,0.0,-0.0010950927389785647,0.09428006941231065
0.9449081803005008,0.25925660133361816,0.0,0.0,-0.0010950881987810135,0.09444701450093469
0.9465776293823038,0.25971364974975586,0.0,0.0,-0.0010950835421681404,0.09461395959537951
0.9482470784641068,0.26017069816589355,0.0,0.0,-0.0010950787691399455,0.0947809046956451
0.9499165275459098,0.2606278657913208,0.0,0.0,-0.0010950742289423943,0.09494784978426914
0.9515859766277129,0.26108479499816895,0.0,0.0,-0.0010950694559141994,0.09511479488453473
0.9532554257095159,0.26154184341430664,0.0,0.0,-0.0010950646828860044,0.09528173998188993
0.9549248747913189,0.26199889183044434,0.0,0.0,-0.0010950596770271659,0.09544868509088666
0.9565943238731219,0.2624560594558716,0.0,0.0,-0.0010950547875836492,0.09561563019406262
0.9582637729549249,0.2629129886627197,0.0,0.0,-0.0010950498981401324,0.09578257530014897
0.9599332220367279,0.2633697986602783,0.0,0.0,-0.001095044775865972,0.09594952041205608
0.9616026711185309,0.2638270854949951,0.0,0.0,-0.0010950396535918117,0.09611646552396319
0.9632721202003339,0.26428401470184326,0.0,0.0,-0.001095034065656364,0.09628341065624299
0.9649415692821369,0.26474106311798096,0.0,0.0,-0.0010950289433822036,0.09645035577106048
0.9666110183639399,0.26519811153411865,0.0,0.0,-0.0010950233554467559,0.0966173009004299
0.9682804674457429,0.26565515995025635,0.0,0.0,-0.0010950177675113082,0.09678424603270969
0.9699499165275459,0.26611220836639404,0.0,0.0,-0.001095012528821826,0.09695119115043757
0.9716193656093489,0.2665691375732422,0.0,0.0,-0.0010950070573017001,0.0971181362768966
0.9732888146911519,0.2670261859893799,0.0,0.0,-0.0010950012365356088,0.09728508141790754
0.9749582637729549,0.267483115196228,0.0,0.0,-0.0010949954157695174,0.09745202655891849
0.9766277128547579,0.26794004440307617,0.0,0.0,-0.001094989711418748,0.09761897169701905
0.9782971619365609,0.26839733123779297,0.0,0.0,-0.001094983541406691,0.09778591685258191
0.979966611018364,0.2688542604446411,0.0,0.0,-0.001094977487809956,0.097952862002324
0.981636060100167,0.26931118965148926,0.0,0.0,-0.0010949713177978992,0.09811980715788687
0.98330550918197,0.2697681188583374,0.0,0.0,-0.001094965380616486,0.0982867523018082
0.984974958263773,0.27022528648376465,0.0,0.0,-0.0010949588613584638,0.09845369747192297
0.986644407345576,0.2706822156906128,0.0,0.0,-0.001094952691346407,0.09862064262748582
0.988313856427379,0.27113914489746094,0.0,0.0,-0.001094945939257741,0.09878758780342137
0.989983305509182,0.27159619331359863,0.0,0.0,-0.001094939187169075,0.0989545329822673
0.991652754590985,0.2720531225204468,0.0,0.0,-0.0010949327843263745,0.0991214781465613
0.993322203672788,0.2725100517272949,0.0,0.0,-0.0010949260322377086,0.09928842332540722
0.994991652754591,0.2729671001434326,0.0,0.0,-0.0010949192801490426,0.09945536850425314
0.996661101836394,0.27342402935028076,0.0,0.0,-0.001094912295229733,0.09962231369183022
0.998330550918197,0.27388107776641846,0.0,0.0,-0.0010949050774797797,0.09978925888813844
1.0,0.2743377685546875,0.0,0.0,-0.0010948979761451483,0.09995620408153627
