0.0,1.043081283569336e-06,0.7803364992141724,0.0,-0.05607699230313301,0.055040739476680756
0.001669449081803005,0.003923594951629639,0.7724894285202026,0.0,-0.05449478700757027,0.05451406140831954
0.00333889816360601,0.0077607035636901855,0.7648365497589111,0.0,-0.05295348912477493,0.054007882122354633
0.005008347245409015,0.01151326298713684,0.7573704719543457,0.0,-0.0514516681432724,0.053521288922662925
0.00667779632721202,0.015182673931121826,0.7500902414321899,0.0,-0.049988262355327606,0.05305405680171038
0.008347245409015025,0.018769890069961548,0.7430001497268677,0.0,-0.0485624335706234,0.052606504271817525
0.01001669449081803,0.02227601408958435,0.7361068725585938,0.0,-0.04717347398400307,0.052179198322167775
0.011686143572621035,0.02570211887359619,0.7294191122055054,0.0,-0.04582073166966438,0.051772910087852925
0.01335559265442404,0.029049336910247803,0.7229466438293457,0.0,-0.044503603130578995,0.05138850160104802
0.015025041736227046,0.03231874108314514,0.7166973352432251,0.0,-0.04322138801217079,0.05102663074801979
0.01669449081803005,0.03551122546195984,0.7106804847717285,0.0,-0.04197346791625023,0.05068809511342112
0.018363939899833055,0.03862801194190979,0.7049018144607544,0.0,-0.04075903445482254,0.05037332273310731
0.02003338898163606,0.041670024394989014,0.6993662118911743,0.0,-0.039577290415763855,0.0500826473930891
0.021702838063439065,0.04463830590248108,0.6940741539001465,0.0,-0.03842727467417717,0.04981596851052844
0.02337228714524207,0.04753398895263672,0.6890292167663574,0.0,-0.03730814531445503,0.04957349507421106
0.025041736227045076,0.05035790801048279,0.6842256784439087,0.0,-0.036218784749507904,0.049354506985522274
0.02671118530884808,0.05311119556427002,0.6796615123748779,0.0,-0.03515821695327759,0.04915866971339328
0.028380634390651086,0.05579465627670288,0.675331711769104,0.0,-0.0341254286468029,0.04898536336951841
0.03005008347245409,0.058409422636032104,0.6712273359298706,0.0,-0.03311925753951073,0.04883358436069127
0.03171953255425709,0.06095650792121887,0.6673406362533569,0.0,-0.032138701528310776,0.04870245947886588
0.0333889816360601,0.06343668699264526,0.6636627912521362,0.0,-0.03118269518017769,0.04859103765742906
0.035058430717863104,0.06585100293159485,0.6601824760437012,0.0,-0.030250193551182747,0.048498114137498285
0.03672787979966611,0.06820037961006165,0.656889796257019,0.0,-0.029340237379074097,0.0484226508669319
0.038397328881469114,0.07048583030700684,0.6537740230560303,0.0,-0.028451859951019287,0.04836353286634354
0.04006677796327212,0.07270830869674683,0.6508256196975708,0.0,-0.027584198862314224,0.04831978559979116
0.041736227045075125,0.07486841082572937,0.6480334997177124,0.0,-0.026736365631222725,0.04829027173614662
0.04340567612687813,0.07696738839149475,0.6453900337219238,0.0,-0.025907643139362335,0.048274222934285876
0.045075125208681135,0.07900610566139221,0.6428862810134888,0.0,-0.02509726956486702,0.04827074419321471
0.04674457429048414,0.08098530769348145,0.6405133008956909,0.0,-0.02430453896522522,0.048278933992680906
0.048414023372287146,0.08290591835975647,0.63826584815979,0.0,-0.02352885715663433,0.04829827954647488
0.05008347245409015,0.08476880192756653,0.6361392736434937,0.0,-0.022769687697291374,0.04832832152630282
0.05175292153589316,0.08657494187355042,0.634127140045166,0.0,-0.022026441991329193,0.04836842365258176
0.05342237061769616,0.08832499384880066,0.632229208946228,0.0,-0.021298713982105255,0.04841857977858271
0.05509181969949917,0.09001985192298889,0.6304410696029663,0.0,-0.020586013793945312,0.04847835460413428
0.05676126878130217,0.09166046977043152,0.628760814666748,0.0,-0.01988789811730385,0.04854757974611499
0.05843071786310518,0.09324750304222107,0.6271907091140747,0.0,-0.019204068928956985,0.048626484682407226
0.06010016694490818,0.09478184580802917,0.6257297992706299,0.0,-0.018534118309617043,0.04871499770117274
0.06176961602671119,0.09626433253288269,0.6243785619735718,0.0,-0.017877701669931412,0.048813179524643396
0.06343906510851419,0.0976957380771637,0.6231391429901123,0.0,-0.01723450981080532,0.048921261493346725
0.0651085141903172,0.09907680749893188,0.6220128536224365,0.0,-0.016604211181402206,0.049039392246365644
0.0667779632721202,0.10040831565856934,0.6210018396377563,0.0,-0.015986504033207893,0.049167808339634106
0.06844741235392321,0.10169097781181335,0.6201087236404419,0.0,-0.01538108754903078,0.04930679419906639
0.07011686143572621,0.10292565822601318,0.6193341016769409,0.0,-0.01478765532374382,0.04945643001153617
0.07178631051752922,0.10411310195922852,0.6186810731887817,0.0,-0.014205915853381157,0.049617058690015425
0.07345575959933222,0.10525405406951904,0.6181502342224121,0.0,-0.013635551556944847,0.04978876647497457
0.07512520868113523,0.1063491702079773,0.6177428960800171,0.0,-0.013076284900307655,0.0499717217495351
0.07679465776293823,0.10739928483963013,0.617458701133728,0.0,-0.012527795508503914,0.0501659246999615
0.07846410684474124,0.10840505361557007,0.6172988414764404,0.0,-0.01198979839682579,0.050371537096985
0.08013355592654424,0.10936707258224487,0.6172610521316528,0.0,-0.01146197784692049,0.05058837593571969
0.08180300500834725,0.11028626561164856,0.6173440217971802,0.0,-0.010944045148789883,0.050816357304001594
0.08347245409015025,0.1111631989479065,0.6175459623336792,0.0,-0.010435695759952068,0.05105535379690251
0.08514190317195326,0.11199864745140076,0.6178630590438843,0.0,-0.009936630725860596,0.051305037309479384
0.08681135225375626,0.1127932071685791,0.6182920932769775,0.0,-0.009446579031646252,0.051565137199392055
0.08848080133555927,0.11354762315750122,0.6188280582427979,0.0,-0.008965248242020607,0.051835205593614375
0.09015025041736227,0.11426249146461487,0.6194659471511841,0.0,-0.00849235150963068,0.05211479955512987
0.09181969949916528,0.11493843793869019,0.62019944190979,0.0,-0.008027631789445877,0.05240333607600683
0.09348914858096828,0.11557632684707642,0.6210216283798218,0.0,-0.0075708250515162945,0.052700174825409056
0.0951585976627713,0.11617660522460938,0.621925950050354,0.0,-0.007121685426682234,0.05300470909324533
0.09682804674457429,0.11673992872238159,0.6229043006896973,0.0,-0.006679978221654892,0.05331616671996904
0.0984974958263773,0.11726701259613037,0.6239480972290039,0.0,-0.006245473865419626,0.053633730283756446
0.1001669449081803,0.11775848269462585,0.6250488758087158,0.0,-0.0058179679326713085,0.053956584132296696
0.10183639398998331,0.11821481585502625,0.6261978149414062,0.0,-0.0053972708992660046,0.05428387079689534
0.10350584307178631,0.11863663792610168,0.6273854970932007,0.0,-0.004983175545930862,0.05461466933922448
0.10517529215358933,0.11902466416358948,0.6286026239395142,0.0,-0.004575531929731369,0.05494805714457556
0.10684474123539232,0.11937949061393738,0.629839301109314,0.0,-0.004174183122813702,0.05528304994468561
0.10851419031719532,0.11970162391662598,0.6310862302780151,0.0,-0.003778979880735278,0.05561871443791953
0.11018363939899833,0.11999151110649109,0.6323343515396118,0.0,-0.0033898025285452604,0.05595413369063649
0.11185308848080133,0.12024995684623718,0.6335732936859131,0.0,-0.0030065332539379597,0.056288249440994954
0.11352253756260434,0.1204773485660553,0.6347949504852295,0.0,-0.002629061695188284,0.05662023008778499
0.11519198664440734,0.12067422270774841,0.6359895467758179,0.0,-0.002257316140457988,0.05694905897600107
0.11686143572621036,0.12084126472473145,0.6371492147445679,0.0,-0.0018911930965259671,0.0572739236896783
0.11853088480801335,0.12097883224487305,0.6382648944854736,0.0,-0.0015306365676224232,0.05759386600266119
0.12020033388981637,0.1210874617099762,0.6393297910690308,0.0,-0.001175577868707478,0.057908171974705575
0.12186978297161936,0.1211678683757782,0.6403356790542603,0.0,-0.0008259790483862162,0.05821596436397458
0.12353923205342238,0.12122026085853577,0.6412756443023682,0.0,-0.00048177133430726826,0.0585165052253847
0.12520868113522537,0.12124526500701904,0.6421440839767456,0.0,-0.0001429433177690953,0.058809185492889604
0.12687813021702837,0.12124323844909668,0.6429345607757568,2.086427411995828e-05,0.00019055427401326597,0.05863653879897357
0.1285475792988314,0.12121489644050598,0.6436424255371094,0.00015442186850123107,0.0005187595379538834,0.058125707089631995
0.1302170283806344,0.12116044759750366,0.6442621946334839,0.0004060228820890188,0.0008416756754741073,0.05761877238464376
0.1318864774624374,0.12108054757118225,0.644790768623352,0.0007695675012655556,0.0011593449162319303,0.05711505330367503
0.1335559265442404,0.1209753155708313,0.6452239751815796,0.001239219680428505,0.0014717818703502417,0.05661383065615061
0.13522537562604342,0.12084555625915527,0.6455593109130859,0.0018094106344506145,0.0017790051642805338,0.056114538826587894
0.13689482470784642,0.1206914484500885,0.6457940340042114,0.0024748453870415688,0.002081038895994425,0.0556165937360342
0.13856427378964942,0.12051346898078918,0.645926833152771,0.003230458591133356,0.0023778986651450396,0.055119572936569675
0.14023372287145242,0.12031197547912598,0.6459566354751587,0.004071472678333521,0.0026696196291595697,0.05462305670439302
0.14190317195325544,0.12008756399154663,0.6458821296691895,0.004993294831365347,0.0029562171548604965,0.054126648622050334
0.14357262103505844,0.11984023451805115,0.6457034349441528,0.005991534795612097,0.0032377070747315884,0.05363011469474476
0.14524207011686144,0.119570791721344,0.6454206705093384,0.007062109187245369,0.0035141336265951395,0.053133165653684616
0.14691151919866444,0.11927923560142517,0.6450347900390625,0.008201070129871368,0.003785523818805814,0.052635661660785316
0.14858096828046746,0.11896619200706482,0.6445465087890625,0.009404653683304787,0.004051904194056988,0.052137448954689816
0.15025041736227046,0.1186317503452301,0.6439576148986816,0.0106693459674716,0.004313320387154818,0.05163845705756225
0.15191986644407346,0.11827650666236877,0.6432696580886841,0.01199173741042614,0.004569804295897484,0.051138639775802935
0.15358931552587646,0.11790060997009277,0.6424849033355713,0.01336866058409214,0.004821405746042728,0.05063800055530539
0.15525876460767948,0.11750444769859314,0.6416053771972656,0.014797106385231018,0.005068175029009581,0.050136533482171265
0.15692821368948248,0.11708840727806091,0.6406339406967163,0.01627415046095848,0.005310154054313898,0.04963434458747569
0.15859766277128548,0.11665266752243042,0.6395736932754517,0.017797013744711876,0.005547391250729561,0.04913158795853863
0.16026711185308848,0.1161976158618927,0.6384271383285522,0.01936323009431362,0.005779961124062538,0.04862828077826158
0.16193656093489148,0.1157236099243164,0.6371972560882568,0.020970217883586884,0.006007901858538389,0.04812460456141435
0.1636060100166945,0.11523067951202393,0.6358879804611206,0.022615691646933556,0.006231286097317934,0.04762077397785036
0.1652754590984975,0.11471942067146301,0.6345019340515137,0.024297432973980904,0.006450174376368523,0.0471168977129141
0.1669449081803005,0.11418995261192322,0.6330431699752808,0.026013316586613655,0.006664634216576815,0.04661324310275059
0.1686143572621035,0.11364242434501648,0.6315144300460815,0.027761384844779968,0.00687473313882947,0.046109926469549416
0.17028380634390652,0.11307728290557861,0.6299196481704712,0.029539724811911583,0.007080542389303446,0.045607217803724946
0.17195325542570952,0.1124948263168335,0.6282620429992676,0.03134656697511673,0.007282135542482138,0.04510529787498892
0.17362270450751252,0.11189517378807068,0.6265450716018677,0.033180121332407,0.007479575928300619,0.044604410969252654
0.17529215358931552,0.11127853393554688,0.6247724294662476,0.03503885492682457,0.007672950159758329,0.044104776040453444
0.17696160267111855,0.11064517498016357,0.6229467391967773,0.03692113608121872,0.007862316444516182,0.04360656086635312
0.17863105175292154,0.1099955141544342,0.6210720539093018,0.038825638592243195,0.008047771640121937,0.043110025332516094
0.18030050083472454,0.10932949185371399,0.61915123462677,0.040750838816165924,0.008229374885559082,0.042615372374131405
0.18196994991652754,0.10864749550819397,0.6171876192092896,0.04269549623131752,0.008407213725149632,0.042122810141794476
0.18363939899833057,0.10794970393180847,0.6151840686798096,0.04465830326080322,0.008581355214118958,0.041632529649765354
0.18530884808013356,0.10723641514778137,0.6131433248519897,0.04663810878992081,0.008751879446208477,0.04114468754650108
0.18697829716193656,0.10650768876075745,0.611068606376648,0.04863375052809715,0.008918862789869308,0.040659512285429224
0.18864774624373956,0.10576379299163818,0.6089622974395752,0.05064408853650093,0.009082372300326824,0.040177154833939126
0.1903171953255426,0.10500490665435791,0.6068273782730103,0.05266818776726723,0.009242494590580463,0.039697795775477995
0.19198664440734559,0.10423129796981812,0.6046663522720337,0.05470510944724083,0.009399306029081345,0.03922158151395458
0.19365609348914858,0.10344317555427551,0.602481484413147,0.05675375461578369,0.009552864357829094,0.03874867577587748
0.19532554257095158,0.1026405394077301,0.6002745628356934,0.05881335213780403,0.009703248739242554,0.03827914151865274
0.1969949916527546,0.10182374715805054,0.5980484485626221,0.0608830451965332,0.009850534610450268,0.03781317497194684
0.1986644407345576,0.10099288821220398,0.5958051681518555,0.06296198070049286,0.00999478716403246,0.037350900653588
0.2003338898163606,0.10014817118644714,0.5935463905334473,0.06504948437213898,0.010136079974472523,0.03689237639870812
0.2020033388981636,0.09928974509239197,0.5912743806838989,0.0671447142958641,0.010274477303028107,0.03643776435056741
0.20367278797996663,0.09841790795326233,0.5889900922775269,0.06924698501825333,0.010410038754343987,0.03598706823445621
0.20534223706176963,0.09753257036209106,0.5866961479187012,0.0713556781411171,0.010542841628193855,0.03554046397720882
0.20701168614357263,0.09663408994674683,0.5843931436538696,0.07347017526626587,0.010672940872609615,0.035097915816038404
0.20868113522537562,0.09572258591651917,0.5820833444595337,0.07558976858854294,0.01080039981752634,0.03465959492803416
0.21035058430717865,0.09479814767837524,0.5797674655914307,0.0777139887213707,0.01092528086155653,0.03422546648173182
0.21202003338898165,0.09386107325553894,0.5774471759796143,0.07984232157468796,0.011047648265957832,0.03379561923217272
0.21368948247078465,0.09291133284568787,0.5751235485076904,0.08197403699159622,0.011167546734213829,0.03337010943124037
0.21535893155258765,0.0919492244720459,0.572797417640686,0.08410893380641937,0.01128504890948534,0.03294890196807372
0.21702838063439064,0.09097474813461304,0.5704702138900757,0.08624623715877533,0.011400194838643074,0.03253210534175271
0.21869782971619367,0.089988112449646,0.5681427717208862,0.08838573843240738,0.011513051576912403,0.03211969273018718
0.22036727879799667,0.08898952603340149,0.565815806388855,0.0905267745256424,0.011623658239841461,0.031711698778576915
0.22203672787979967,0.08797892928123474,0.5634902715682983,0.09266913682222366,0.011732076294720173,0.031308115756944546
0.22370617696160267,0.0869566798210144,0.5611668825149536,0.09481234848499298,0.011838351376354694,0.030908956238144825
0.2253756260434057,0.08592280745506287,0.5588462352752686,0.09695609658956528,0.01194253470748663,0.030514199267419828
0.2270450751252087,0.08487740159034729,0.5565290451049805,0.09909985959529877,0.012044663541018963,0.030123874553959686
0.2287145242070117,0.083820641040802,0.5542160272598267,0.10124349594116211,0.012144796550273895,0.02973795583446779
0.2303839732888147,0.08275267481803894,0.5519071817398071,0.10338661074638367,0.012242968194186687,0.02935639142054125
0.2320534223706177,0.0816735029220581,0.549604058265686,0.10552889108657837,0.012339235283434391,0.02897926438615373
0.2337228714524207,0.08058342337608337,0.5473061800003052,0.10767000913619995,0.01243362296372652,0.02860647386907039
0.2353923205342237,0.07948243618011475,0.5450141429901123,0.10980978608131409,0.012526184320449829,0.028238000125252644
0.2370617696160267,0.07837066054344177,0.5427283048629761,0.11194794625043869,0.012616955675184727,0.027873823224397406
0.23873121869782973,0.07724809646606445,0.5404491424560547,0.11408425122499466,0.012705978937447071,0.027513923701862866
0.24040066777963273,0.07611507177352905,0.5381771326065063,0.11621835827827454,0.012793288566172123,0.02715830528293931
0.24207011686143573,0.07497164607048035,0.5359121561050415,0.11835015565156937,0.012878920882940292,0.0268068861975047
0.24373956594323873,0.07381784915924072,0.5336548089981079,0.12047935277223587,0.012962914071977139,0.026459673616742854
0.24540901502504175,0.07265377044677734,0.5314048528671265,0.12260585278272629,0.013045299798250198,0.026116578971876928
0.24707846410684475,0.07147961854934692,0.5291628837585449,0.12472949922084808,0.013126120902597904,0.025777596488706957
0.24874791318864775,0.07029542326927185,0.5269290208816528,0.12685002386569977,0.013205405324697495,0.02544269878634925
0.25041736227045075,0.06910130381584167,0.5247033834457397,0.12896718084812164,0.013283179141581059,0.025111852430323378
0.25208681135225375,0.06789734959602356,0.5224862098693848,0.13108110427856445,0.013359490782022476,0.02478499045853623
0.25375626043405675,0.06668365001678467,0.5202776193618774,0.13319139182567596,0.013434357941150665,0.024462108307507183
0.2554257095158598,0.06546029448509216,0.5180773735046387,0.1352980136871338,0.013507811352610588,0.024143117222194883
0.2570951585976628,0.06422734260559082,0.5158857107162476,0.13740083575248718,0.013579880818724632,0.02382799159122852
0.2587646076794658,0.06298500299453735,0.5137029886245728,0.1394997090101242,0.01365059707313776,0.023516719493679145
0.2604340567612688,0.06173327565193176,0.5115290880203247,0.14159458875656128,0.013719990849494934,0.023209229962766573
0.2621035058430718,0.0604722797870636,0.509364128112793,0.14368537068367004,0.013788089156150818,0.022905491054126488
0.2637729549248748,0.059201985597610474,0.5072082281112671,0.14577196538448334,0.0138549180701375,0.022605467563765577
0.2654424040066778,0.05792272090911865,0.5050613880157471,0.14785420894622803,0.013920499943196774,0.02230912223878085
0.2671118530884808,0.056634366512298584,0.5029233694076538,0.14993202686309814,0.013984858058393002,0.022016383367334066
0.2687813021702838,0.055336952209472656,0.5007946491241455,0.15200553834438324,0.014048031531274319,0.021727232136709212
0.27045075125208684,0.054030805826187134,0.4986749589443207,0.15407437086105347,0.014110026881098747,0.02144163408797104
0.27212020033388984,0.05271586775779724,0.4965642988681793,0.15613876283168793,0.014170878566801548,0.021159508196055544
0.27378964941569284,0.05139213800430298,0.4944628179073334,0.1581985354423523,0.014230609871447086,0.020880847289778903
0.27545909849749584,0.050059765577316284,0.49237051606178284,0.160253643989563,0.01428924035280943,0.020605603219764013
0.27712854757929883,0.04871898889541626,0.49028751254081726,0.16230399906635284,0.014346795156598091,0.020333754658723915
0.27879799666110183,0.047369539737701416,0.48821327090263367,0.1643497198820114,0.01440329011529684,0.020065189941081907
0.28046744574290483,0.04601180553436279,0.48614850640296936,0.16639065742492676,0.01445875782519579,0.019799953956586094
0.28213689482470783,0.04464566707611084,0.4840928614139557,0.16842667758464813,0.01451320480555296,0.01953798272337559
0.2838063439065109,0.043271273374557495,0.48204633593559265,0.17045803368091583,0.014566664583981037,0.019279204715876682
0.2854757929883139,0.041888654232025146,0.4800087511539459,0.17248447239398956,0.014619145542383194,0.019023597396083045
0.2871452420701169,0.04049786925315857,0.4779806435108185,0.17450612783432007,0.014670680277049541,0.018771151637033454
0.2888146911519199,0.03909912705421448,0.4759613573551178,0.176522895693779,0.014721277169883251,0.018521781663918786
0.2904841402337229,0.037692248821258545,0.4739513099193573,0.1785348653793335,0.014770961366593838,0.018275482633861657
0.2921535893155259,0.03627750277519226,0.47195032238960266,0.18054203689098358,0.014819750562310219,0.018032197736185012
0.2938230383973289,0.034854888916015625,0.4699583947658539,0.18254421651363373,0.01486765593290329,0.01779191588815022
0.29549248747913187,0.03342437744140625,0.4679754674434662,0.18454164266586304,0.014914704486727715,0.017554569289473836
0.2971619365609349,0.03198626637458801,0.4660016596317291,0.18653425574302673,0.014960909262299538,0.017320142666465654
0.2988313856427379,0.030540376901626587,0.46403685212135315,0.18852202594280243,0.015006287954747677,0.0170885978349001
0.3005008347245409,0.029086798429489136,0.46208086609840393,0.19050483405590057,0.015050849877297878,0.016859899497651598
0.3021702838063439,0.027625709772109985,0.46013399958610535,0.19248315691947937,0.015094630420207977,0.01663399196163019
0.3038397328881469,0.026157110929489136,0.45819613337516785,0.19445644319057465,0.015137623995542526,0.016410893853287367
0.3055091819699499,0.024681001901626587,0.45626696944236755,0.1964251697063446,0.015179860405623913,0.016190495369691582
0.3071786310517529,0.02319750189781189,0.4543469250202179,0.19838903844356537,0.015221347101032734,0.015972842331913508
0.3088480801335559,0.02170667052268982,0.4524356424808502,0.20034827291965485,0.015262103639543056,0.015757849803334334
0.31051752921535897,0.020208537578582764,0.45053336024284363,0.20230278372764587,0.015302143059670925,0.01554551927407019
0.31218697829716197,0.018703162670135498,0.4486396610736847,0.20425264537334442,0.015341476537287235,0.015335780615531197
0.31385642737896496,0.017190605401992798,0.4467550814151764,0.2061978429555893,0.015380124561488628,0.015128658507765586
0.31552587646076796,0.015670806169509888,0.44487884640693665,0.20813867449760437,0.015418097376823425,0.01492402657029998
0.31719532554257096,0.014143973588943481,0.4430117905139923,0.21007484197616577,0.015455413609743118,0.014721964710611286
0.31886477462437396,0.012610286474227905,0.44115325808525085,0.21200640499591827,0.015492075122892857,0.01452238631570006
0.32053422370617696,0.011069267988204956,0.43930336833000183,0.21393360197544098,0.015528105199337006,0.014325251338695595
0.32220367278797996,0.009521484375,0.4374622404575348,0.21585622429847717,0.015563509427011013,0.014130572911246192
0.32387312186978295,0.007966786623001099,0.43562963604927063,0.2177746295928955,0.015598307363688946,0.013938267679981426
0.325542570951586,0.006405264139175415,0.4338056743144989,0.21968865394592285,0.01563250832259655,0.013748343095481896
0.327212020033389,0.0048368871212005615,0.43199053406715393,0.22159823775291443,0.01566612347960472,0.013560799250879852
0.328881469115192,0.003261744976043701,0.43018361926078796,0.2235036939382553,0.01569916307926178,0.01337553072045985
0.330550918196995,0.0016798675060272217,0.42838534712791443,0.22540481388568878,0.01573163829743862,0.013192575967844223
0.332220367278798,9.131431579589844e-05,0.4265955984592438,0.22730186581611633,0.015763569623231888,0.013011875015859166
0.333889816360601,-0.0015037953853607178,0.424814373254776,0.22919470071792603,0.015794958919286728,0.012833426094991785
0.335559265442404,-0.003105670213699341,0.42304155230522156,0.23108339309692383,0.015825815498828888,0.012657192324868128
0.337228714524207,-0.004713892936706543,0.42127707600593567,0.23296815156936646,0.01585615798830986,0.01248312835007881
0.33889816360601005,-0.006328761577606201,0.41952094435691833,0.2348487824201584,0.015885986387729645,0.01231123696459156
0.34056761268781305,-0.007949978113174438,0.41777303814888,0.2367255687713623,0.015915319323539734,0.012141458656893851
0.34223706176961605,-0.009577810764312744,0.41603371500968933,0.2385982722043991,0.015944162383675575,0.011973832728798334
0.34390651085141904,-0.011211872100830078,0.41430243849754333,0.24046725034713745,0.015972528606653214,0.011808260739508875
0.34557595993322204,-0.012852311134338379,0.4125795066356659,0.2423323541879654,0.016000425443053246,0.011644766344618869
0.34724540901502504,-0.014499187469482422,0.41086462140083313,0.2441936582326889,0.01602785848081112,0.011483299904635086
0.34891485809682804,-0.016152262687683105,0.40915796160697937,0.2460513561964035,0.016054846346378326,0.011323842793106038
0.35058430717863104,-0.017811596393585205,0.4074595272541046,0.24790522456169128,0.016081389039754868,0.011166400411702655
0.3522537562604341,-0.019477099180221558,0.40576913952827454,0.2497555911540985,0.016107503324747086,0.011010909989283413
0.3539232053422371,-0.02114883065223694,0.40408679842948914,0.25160229206085205,0.01613318920135498,0.010857374133551513
0.3555926544240401,-0.022826731204986572,0.4024125039577484,0.25344544649124146,0.016158457845449448,0.010705766488078096
0.3572621035058431,-0.024510711431503296,0.40074607729911804,0.2552850544452667,0.016183314844965935,0.010556054549705308
0.3589315525876461,-0.026200681924819946,0.39908769726753235,0.25712132453918457,0.016207776963710785,0.01040822472112356
0.3606010016694491,-0.027896791696548462,0.3974369466304779,0.258954256772995,0.016231844201683998,0.010262222799359011
0.3622704507512521,-0.029598861932754517,0.3957943022251129,0.260783851146698,0.016255531460046768,0.010118078679866305
0.3639398998330551,-0.03130686283111572,0.3941594064235687,0.26260998845100403,0.016278833150863647,0.009975760232016618
0.36560934891485813,-0.03302091360092163,0.3925323784351349,0.26443299651145935,0.016301771625876427,0.00983523318313921
0.36727879799666113,-0.03474080562591553,0.3909130394458771,0.2662527859210968,0.016324345022439957,0.009696477882327742
0.36894824707846413,-0.036466628313064575,0.3893013298511505,0.26806947588920593,0.016346564516425133,0.009559464899788867
0.37061769616026713,-0.038198262453079224,0.3876974284648895,0.26988285779953003,0.016368431970477104,0.009424217239190175
0.3722871452420701,-0.03993570804595947,0.3861009180545807,0.2716933786869049,0.016389956697821617,0.009290649405119316
0.3739565943238731,-0.0416790246963501,0.38451215624809265,0.27350088953971863,0.016411149874329567,0.009158789150989017
0.3756260434056761,-0.04342803359031677,0.382930725812912,0.2753053903579712,0.016432009637355804,0.009028590469464087
0.3772954924874791,-0.045182764530181885,0.3813569247722626,0.27710697054862976,0.016452549025416374,0.008900061742447701
0.3789649415692821,-0.04694324731826782,0.3797905147075653,0.2789056897163391,0.016472769901156425,0.008773166462094934
0.3806343906510852,-0.04870942234992981,0.37823137640953064,0.28070154786109924,0.016492675989866257,0.008647878830770473
0.3823038397328882,-0.05048128962516785,0.37667980790138245,0.2824946343898773,0.016512282192707062,0.008524211793858094
0.38397328881469117,-0.052258700132369995,0.37513527274131775,0.2842850387096405,0.016531584784388542,0.008402098109867917
0.38564273789649417,-0.05404171347618103,0.3735981285572052,0.2860727608203888,0.016550594940781593,0.008281558081632069
0.38731218697829717,-0.05583032965660095,0.3720681965351105,0.2878578007221222,0.016569318249821663,0.008162566563441031
0.38898163606010017,-0.05762451887130737,0.37054547667503357,0.28964027762413025,0.01658775843679905,0.008045103904388484
0.39065108514190316,-0.05942422151565552,0.36902979016304016,0.2914201319217682,0.01660591922700405,0.007929151105493904
0.39232053422370616,-0.06122937798500061,0.3675210773944855,0.2931975722312927,0.016623806208372116,0.007814675663599436
0.3939899833055092,-0.06304007768630981,0.36601945757865906,0.2949725091457367,0.01664142683148384,0.007701683725434078
0.3956594323873122,-0.06485617160797119,0.36452481150627136,0.2967450022697449,0.016658782958984375,0.007590150983478622
0.3973288814691152,-0.0666777491569519,0.36303719878196716,0.298515260219574,0.016675887629389763,0.007480059090678354
0.3989983305509182,-0.0685046911239624,0.3615562617778778,0.30028295516967773,0.01669272780418396,0.007371396405501091
0.4006677796327212,-0.07033705711364746,0.3600822985172272,0.3020485043525696,0.016709325835108757,0.0072641404830727846
0.4023372287145242,-0.07217475771903992,0.35861489176750183,0.3038118779659271,0.016725677996873856,0.007158251835316271
0.4040066777963272,-0.07401779294013977,0.35715451836586,0.3055730164051056,0.016741793602705002,0.007053770136573229
0.4056761268781302,-0.07586619257926941,0.35570070147514343,0.3073318898677826,0.016757668927311897,0.006950645281689144
0.40734557595993326,-0.07771983742713928,0.3542533814907074,0.309088796377182,0.016773313283920288,0.006848843556786822
0.40901502504173626,-0.07957872748374939,0.352812796831131,0.3108435273170471,0.016788732260465622,0.006748390386972536
0.41068447412353926,-0.08144289255142212,0.35137876868247986,0.3125961720943451,0.01680392399430275,0.00664925988147872
0.41235392320534225,-0.08331230282783508,0.3499511182308197,0.3143469989299774,0.016818899661302567,0.006551405567308899
0.41402337228714525,-0.0851869285106659,0.3485298454761505,0.31609585881233215,0.016833659261465073,0.006454830517827571
0.41569282136894825,-0.08706673979759216,0.3471151292324066,0.31784260272979736,0.01684820093214512,0.006359557736702326
0.41736227045075125,-0.08895161747932434,0.3457065522670746,0.31958773732185364,0.0168625395745039,0.006265500424669213
0.41903171953255425,-0.09084179997444153,0.3443043529987335,0.3213309645652771,0.016876673325896263,0.006172697604144107
0.4207011686143573,-0.09273704886436462,0.3429085314273834,0.3230723440647125,0.01689060591161251,0.006081134932759364
0.4223706176961603,-0.09463736414909363,0.34151867032051086,0.32481199502944946,0.016904335469007492,0.005990766216915272
0.4240400667779633,-0.09654292464256287,0.3401350677013397,0.3265499770641327,0.016917875036597252,0.005901601049234356
0.4257095158597663,-0.09845337271690369,0.3387576639652252,0.32828620076179504,0.01693122088909149,0.005813638964055329
0.4273789649415693,-0.10036894679069519,0.3373861014842987,0.3300210237503052,0.016944382339715958,0.005726807225085112
0.4290484140233723,-0.10228964686393738,0.3360205590724945,0.3317541480064392,0.016957353800535202,0.005641148300633109
0.4307178631051753,-0.10421517491340637,0.3346610367298126,0.33348557353019714,0.016970142722129822,0.0055566482208606995
0.4323873121869783,-0.1061459481716156,0.3333074152469635,0.33521559834480286,0.016982756555080414,0.0054732717817745635
0.4340567612687813,-0.10808148980140686,0.3319595754146576,0.33694419264793396,0.01699519343674183,0.005391001195113526
0.43572621035058434,-0.1100221574306488,0.3306175768375397,0.33867135643959045,0.017007455229759216,0.0053098400930356345
0.43739565943238734,-0.1119677722454071,0.32928118109703064,0.3403972387313843,0.017019547522068024,0.005229749453124999
0.43906510851419034,-0.11391821503639221,0.3279506266117096,0.34212157130241394,0.01703147031366825,0.005150765596962037
0.44073455759599334,-0.11587360501289368,0.3266257345676422,0.3438446521759033,0.017043229192495346,0.005072840188905126
0.44240400667779634,-0.1178339421749115,0.32530638575553894,0.34556639194488525,0.01705482415854931,0.004995969876192996
0.44407345575959933,-0.11979910731315613,0.32399263978004456,0.347287118434906,0.017066264525055885,0.004920126812280668
0.44574290484140233,-0.12176921963691711,0.3226843774318695,0.34900644421577454,0.01707754284143448,0.004845325525800304
0.44741235392320533,-0.12374415993690491,0.32138147950172424,0.3507246673107147,0.017088664695620537,0.0047715287638489205
0.4490818030050084,-0.1257239282131195,0.32008400559425354,0.35244181752204895,0.017099635675549507,0.00469873661955878
0.4507512520868114,-0.1277085244655609,0.3187921941280365,0.35415762662887573,0.01711045764386654,0.004626979640310319
0.4524207011686144,-0.12969806790351868,0.31750544905662537,0.35587266087532043,0.01712113246321678,0.0045561597578364366
0.4540901502504174,-0.13169220089912415,0.31622400879859924,0.3575865924358368,0.017131660133600235,0.0044863231657368335
0.4557595993322204,-0.1336912214756012,0.31494781374931335,0.35929957032203674,0.017142046242952347,0.004417443973243934
0.4574290484140234,-0.1356949508190155,0.31367674469947815,0.3610115349292755,0.017152288928627968,0.0043495127739997365
0.4590984974958264,-0.1377035677433014,0.31241098046302795,0.36272263526916504,0.017162395641207695,0.0042825299405332695
0.4607679465776294,-0.13971677422523499,0.31115010380744934,0.3644329309463501,0.01717236265540123,0.004216449279244833
0.4624373956594324,-0.1417347490787506,0.30989447236061096,0.3661421537399292,0.01718219555914402,0.004151320802156688
0.4641068447412354,-0.14375755190849304,0.3086436688899994,0.36785081028938293,0.017191896215081215,0.0040870634842048335
0.4657762938230384,-0.14578494429588318,0.3073979318141937,0.3695586621761322,0.017201466485857964,0.004023711784324535
0.4674457429048414,-0.1478169858455658,0.3061572015285492,0.3712656795978546,0.017210908234119415,0.0039612595557868
0.4691151919866444,-0.14985385537147522,0.3049212396144867,0.37297213077545166,0.01722022145986557,0.003899663212695137
0.4707846410684474,-0.1518951952457428,0.303690105676651,0.37467771768569946,0.017229409888386726,0.003838944268601019
0.4724540901502504,-0.15394136309623718,0.3024637997150421,0.37638282775878906,0.017238475382328033,0.0037790718967272265
0.4741235392320534,-0.1559920608997345,0.3012422025203705,0.3780873417854309,0.01724741980433464,0.003720040229741539
0.47579298831385647,-0.15804734826087952,0.3000253736972809,0.3797912895679474,0.017256243154406548,0.0036618469393375264
0.47746243739565947,-0.16010740399360657,0.2988130748271942,0.38149479031562805,0.017264949157834053,0.0036044613850024724
0.47913188647746247,-0.16217198967933655,0.2976055443286896,0.3831976354122162,0.017273539677262306,0.0035479170012168108
0.48080133555926546,-0.164241224527359,0.29640260338783264,0.3849000930786133,0.017282014712691307,0.0034921702020840498
0.48247078464106846,-0.16631487011909485,0.2952042520046234,0.38660210371017456,0.017290379852056503,0.0034372248060267454
0.48414023372287146,-0.16839328408241272,0.29401031136512756,0.38830387592315674,0.017298633232712746,0.0033830480304902714
0.48580968280467446,-0.1704760491847992,0.2928209602832794,0.39000505208969116,0.017306774854660034,0.003329677221509869
0.48747913188647746,-0.17256352305412292,0.2916358411312103,0.39170607924461365,0.01731480471789837,0.0032770471865053163
0.48914858096828046,-0.1746554672718048,0.29045525193214417,0.39340677857398987,0.017322733998298645,0.0032251917324860714
0.4908180300500835,-0.1767520010471344,0.28927895426750183,0.395107239484787,0.017330555245280266,0.003174079473881375
0.4924874791318865,-0.17885300517082214,0.2881070077419281,0.396807461977005,0.017338275909423828,0.003123713018394425
0.4941569282136895,-0.18095847964286804,0.28693947196006775,0.3985074460506439,0.017345894128084183,0.003074096650109071
0.4958263772954925,-0.18306836485862732,0.28577592968940735,0.40020737051963806,0.01735340803861618,0.00302517979820951
0.4974958263772955,-0.18518295884132385,0.2846167981624603,0.4019070267677307,0.017360825091600418,0.002977003906550313
0.4991652754590985,-0.18730196356773376,0.2834618389606476,0.4036065936088562,0.017368143424391747,0.0029295387071478054
0.5008347245409015,-0.18942537903785706,0.28231093287467957,0.40530624985694885,0.017375366762280464,0.002882755980927976
0.5025041736227045,-0.19155332446098328,0.2811641991138458,0.40700584650039673,0.01738249510526657,0.0028366749131358616
0.5041736227045075,-0.1936856210231781,0.28002139925956726,0.40870553255081177,0.017389528453350067,0.002791259834116855
0.5058430717863105,-0.1958223283290863,0.2788828909397125,0.4104049801826477,0.01739647053182125,0.0027465649468447987
0.5075125208681135,-0.19796356558799744,0.27774807810783386,0.4121047854423523,0.017403319478034973,0.0027024928349783876
0.5091819699499165,-0.20010927319526672,0.27661755681037903,0.41380444169044495,0.01741008274257183,0.00265912610682999
0.5108514190317196,-0.20225933194160461,0.27549079060554504,0.4155043661594391,0.017416752874851227,0.0026163898840646186
0.5125208681135226,-0.20441362261772156,0.2743680775165558,0.4172043800354004,0.017423341050744057,0.0025743164835755894
0.5141903171953256,-0.2065725028514862,0.27324917912483215,0.41890454292297363,0.017429837957024574,0.002532881318446945
0.5158597662771286,-0.20873573422431946,0.27213409543037415,0.4206050932407379,0.017436252906918526,0.002492065296565904
0.5175292153589316,-0.2109033167362213,0.27102288603782654,0.42230573296546936,0.01744258403778076,0.0024518894658226544
0.5191986644407346,-0.21307530999183655,0.269915372133255,0.42400678992271423,0.017448831349611282,0.002412317225240013
0.5208681135225376,-0.21525171399116516,0.2688116729259491,0.425708144903183,0.017454998567700386,0.002373361147672737
0.5225375626043406,-0.21743234992027283,0.26771172881126404,0.4274098873138428,0.017461087554693222,0.002335009591588644
0.5242070116861436,-0.21961739659309387,0.26661548018455505,0.4291118085384369,0.017467090860009193,0.0022972695419070433
0.5258764607679466,-0.22180673480033875,0.26552286744117737,0.430814266204834,0.017473021522164345,0.0022601056083701
0.5275459098497496,-0.224000483751297,0.2644341289997101,0.43251699209213257,0.017478875815868378,0.002223557837848522
0.5292153589315526,-0.22619834542274475,0.2633487284183502,0.434220552444458,0.01748465560376644,0.0021875405486654455
0.5308848080133556,-0.22840073704719543,0.2622670829296112,0.4359242618083954,0.017490357160568237,0.0021521343933558314
0.5325542570951586,-0.23060747981071472,0.2611890137195587,0.4376285970211029,0.017495987936854362,0.00211728395822649
0.5342237061769616,-0.2328185737133026,0.260114461183548,0.43933340907096863,0.01750154234468937,0.002082997438916079
0.5358931552587646,-0.23503360152244568,0.259043425321579,0.44103893637657166,0.017507029697299004,0.002049254625724728
0.5375626043405676,-0.23725315928459167,0.25797590613365173,0.4427449703216553,0.017512444406747818,0.002016066694523333
0.5392320534223707,-0.23947694897651672,0.256911963224411,0.4444516897201538,0.01751779578626156,0.001983425542805506
0.5409015025041737,-0.24170508980751038,0.2558513581752777,0.44615891575813293,0.01752306893467903,0.0019513244650486872
0.5425709515859767,-0.2439374029636383,0.2547942101955414,0.4478670060634613,0.01752828247845173,0.0019197425996272167
0.5442404006677797,-0.24617406725883484,0.25374045968055725,0.449575811624527,0.017533427104353905,0.0018886852550797696
0.5459098497495827,-0.24841490387916565,0.2526901066303253,0.45128530263900757,0.017538506537675858,0.001858152245141831
0.5475792988313857,-0.2506600320339203,0.25164321064949036,0.4529953896999359,0.017543520778417587,0.0018281519517165724
0.5492487479131887,-0.25290951132774353,0.2505994737148285,0.4547066390514374,0.017548473551869392,0.0017986227212495544
0.5509181969949917,-0.2551629841327667,0.24955925345420837,0.4564184248447418,0.017553362995386124,0.001769627976808108
0.5525876460767947,-0.2574208080768585,0.24852219223976135,0.4581311047077179,0.01755818910896778,0.0017411205003377006
0.5542570951585977,-0.25968286395072937,0.24748852849006653,0.45984482765197754,0.01756295934319496,0.001713101875086709
0.5559265442404007,-0.26194921135902405,0.24645820260047913,0.4615592062473297,0.017567669972777367,0.0016855922176227446
0.5575959933222037,-0.2642195522785187,0.24543103575706482,0.46327459812164307,0.017572319135069847,0.0016585538093815356
0.5592654424040067,-0.26649436354637146,0.24440714716911316,0.46499088406562805,0.0175769105553627,0.0016320008064662163
0.5609348914858097,-0.26877328753471375,0.24338635802268982,0.46670833230018616,0.017581447958946228,0.0016059017301737644
0.5626043405676127,-0.2710564434528351,0.24236884713172913,0.4684266448020935,0.01758592575788498,0.0015802847064459336
0.5642737896494157,-0.27334359288215637,0.24135461449623108,0.4701458215713501,0.017590351402759552,0.0015551506666052985
0.5659432387312188,-0.27563509345054626,0.24034354090690613,0.4718661904335022,0.017594723030924797,0.0015304661761714412
0.5676126878130218,-0.2779308259487152,0.23933550715446472,0.4735877215862274,0.017599042505025864,0.0015062216425218212
0.5692821368948248,-0.2802306115627289,0.2383306920528412,0.47531017661094666,0.017603307962417603,0.0014824473336401247
0.5709515859766278,-0.2825346291065216,0.23732903599739075,0.47703370451927185,0.017607521265745163,0.0014591251818684037
0.5726210350584308,-0.2848428785800934,0.23633036017417908,0.4787585437297821,0.017611684277653694,0.0014362254780165284
0.5742904841402338,-0.2871551215648651,0.23533490300178528,0.4804844260215759,0.017615798860788345,0.0014137799801842933
0.5759599332220368,-0.28947171568870544,0.23434242606163025,0.4822116494178772,0.017619865015149117,0.001391750131617109
0.5776293823038398,-0.2917924225330353,0.23335322737693787,0.48393967747688293,0.017623882740736008,0.001370195164430721
0.5792988313856428,-0.2941172420978546,0.23236683011054993,0.4856693744659424,0.017627853900194168,0.0013490171966225374
0.5809682804674458,-0.2964461147785187,0.23138359189033508,0.487400084733963,0.01763177663087845,0.0013282872881050013
0.5826377295492488,-0.2987792193889618,0.23040345311164856,0.4891321063041687,0.017635658383369446,0.0013079763816137846
0.5843071786310517,-0.30111637711524963,0.22942623496055603,0.49086546897888184,0.017639491707086563,0.0012880719042941303
0.5859766277128547,-0.30345770716667175,0.22845211625099182,0.4926000237464905,0.017643284052610397,0.0012685916444072133
0.5876460767946577,-0.30580320954322815,0.22748103737831116,0.4943358302116394,0.01764703169465065,0.0012495288964304964
0.5893155258764607,-0.30815282464027405,0.2265128195285797,0.4960731565952301,0.01765073463320732,0.001230848828899689
0.5909849749582637,-0.3105066120624542,0.2255476415157318,0.49781185388565063,0.017654402181506157,0.001212574818011414
0.5926544240400667,-0.31286439299583435,0.224585622549057,0.49955156445503235,0.01765802502632141,0.001194736107294514
0.5943238731218699,-0.31522634625434875,0.2236262857913971,0.5012930631637573,0.017661606892943382,0.0011772480395269682
0.5959933222036728,-0.31759247183799744,0.22267022728919983,0.5030356049537659,0.017665155231952667,0.0011601962963856184
0.5976627712854758,-0.3199624717235565,0.22171685099601746,0.5047798752784729,0.01766866073012352,0.001143499387145197
0.5993322203672788,-0.322336882352829,0.22076663374900818,0.5065253376960754,0.017672130838036537,0.0011272170095827372
0.6010016694490818,-0.3247152268886566,0.21981915831565857,0.5082724690437317,0.01767556369304657,0.0011112926324179596
0.6026711185308848,-0.32709768414497375,0.2188747227191925,0.5100209712982178,0.017678961157798767,0.0010957619253054718
0.6043405676126878,-0.3294842541217804,0.21793314814567566,0.511771023273468,0.01768232323229313,0.0010806009532551065
0.6060100166944908,-0.331874817609787,0.21699455380439758,0.5135225653648376,0.017685651779174805,0.0010658216371958185
0.6076794657762938,-0.33426961302757263,0.21605882048606873,0.5152755379676819,0.017688944935798645,0.0010514172716050707
0.6093489148580968,-0.3366682231426239,0.21512606739997864,0.5170300602912903,0.01769220642745495,0.001037387018292546
0.6110183639398998,-0.33907124400138855,0.21419617533683777,0.5187861919403076,0.017695436254143715,0.0010237176524776849
0.6126878130217028,-0.3414781391620636,0.2132692039012909,0.5205437541007996,0.017698634415864944,0.0010104232371313637
0.6143572621035058,-0.34388914704322815,0.2123452126979828,0.5223028063774109,0.017701800912618637,0.0009975020958729486
0.6160267111853088,-0.3463042080402374,0.2114240825176239,0.5240634083747864,0.01770493946969509,0.0009849388618799581
0.6176961602671118,-0.348723441362381,0.21050569415092468,0.5258259773254395,0.017708050087094307,0.000972701963317113
0.6193656093489148,-0.3511466085910797,0.20959022641181946,0.5275899767875671,0.017711129039525986,0.0009608382457099163
0.6210350584307179,-0.3535737693309784,0.20867779850959778,0.5293554067611694,0.017714183777570724,0.0009493470571325769
0.6227045075125209,-0.35600510239601135,0.20776823163032532,0.5311225056648254,0.017717210575938225,0.0009382056733142519
0.6243739565943239,-0.35844042897224426,0.20686134696006775,0.5328915119171143,0.017720209434628487,0.0009273835468745051
0.6260434056761269,-0.3608797490596771,0.2059575617313385,0.5346617698669434,0.017723185941576958,0.0009169482918322536
0.6277128547579299,-0.36332324147224426,0.2050565779209137,0.536433756351471,0.01772613450884819,0.0009068508274878151
0.6293823038397329,-0.3657708466053009,0.2041584551334381,0.5382074117660522,0.017729058861732483,0.0008971000014056486
0.6310517529215359,-0.3682223856449127,0.20326325297355652,0.539982795715332,0.017731962725520134,0.0008876865003600077
0.6327212020033389,-0.37067779898643494,0.20237085223197937,0.5417597889900208,0.017734842374920845,0.000878613863376676
0.6343906510851419,-0.3731374442577362,0.20148149132728577,0.5435383319854736,0.017737701535224915,0.000869903324610355
0.6360601001669449,-0.3756010830402374,0.20059481263160706,0.5453186631202698,0.017740536481142044,0.0008615074797419964
0.6377295492487479,-0.3780687749385834,0.19971111416816711,0.5471006631851196,0.01774335280060768,0.0008534619052939507
0.6393989983305509,-0.3805404007434845,0.1988302767276764,0.5488842725753784,0.017746150493621826,0.0008457521657663114
0.6410684474123539,-0.38301607966423035,0.19795235991477966,0.5506696105003357,0.01774892769753933,0.000838381800184862
0.6427378964941569,-0.3854958713054657,0.19707724452018738,0.5524566173553467,0.01775168627500534,0.0008313371181077556
0.6444073455759599,-0.3879794776439667,0.19620510935783386,0.5542451739311218,0.01775442622601986,0.0008246457798154583
0.6460767946577629,-0.3904673159122467,0.1953357756137848,0.556035578250885,0.017757151275873184,0.0008182660620566274
0.6477462437395659,-0.39295896887779236,0.1944693624973297,0.5578276515007019,0.017759857699275017,0.0008122218998214304
0.649415692821369,-0.39545467495918274,0.19360598921775818,0.5596212148666382,0.017762551084160805,0.0008065335028097476
0.651085141903172,-0.3979544937610626,0.19274523854255676,0.561416745185852,0.0177652258425951,0.0008011379136155128
0.652754590984975,-0.4004582464694977,0.1918875277042389,0.5632138848304749,0.0177678894251585,0.000796083933541647
0.654424040066778,-0.4029659926891327,0.1910327970981598,0.5650124549865723,0.017770538106560707,0.0007913790131687471
0.656093489148581,-0.4054777920246124,0.19018074870109558,0.5668129920959473,0.01777317002415657,0.0007869683907294257
0.657762938230384,-0.4079935848712921,0.18933174014091492,0.5686150789260864,0.017775794491171837,0.000782903382097544
0.659432387312187,-0.41051337122917175,0.18848565220832825,0.5704187154769897,0.01777840405702591,0.0007791696449054531
0.66110183639399,-0.413036972284317,0.18764254450798035,0.5722240209579468,0.017781002447009087,0.0007757701593853917
0.662771285475793,-0.41556480526924133,0.18680217862129211,0.5740312933921814,0.017783591523766518,0.0007726609671118379
0.664440734557596,-0.4180964529514313,0.18596479296684265,0.5758400559425354,0.017786171287298203,0.0007698900311973845
0.666110183639399,-0.4206320345401764,0.18513044714927673,0.5776503682136536,0.01778874173760414,0.0007674606112710425
0.667779632721202,-0.423171728849411,0.1842990219593048,0.5794622898101807,0.017791302874684334,0.0007653533358232601
0.669449081803005,-0.4257154166698456,0.18347039818763733,0.581275999546051,0.01779385283589363,0.0007635547006767052
0.671118530884808,-0.4282630383968353,0.18264493346214294,0.583091139793396,0.01779640093445778,0.0007621026106601648
0.672787979966611,-0.430814653635025,0.18182232975959778,0.5849078297615051,0.01779893785715103,0.0007609730376512136
0.674457429048414,-0.4333701431751251,0.1810026466846466,0.5867263674736023,0.017801471054553986,0.000760151080488658
0.6761268781302171,-0.43592968583106995,0.18018588423728943,0.5885464549064636,0.017803996801376343,0.0007596528510530498
0.6777963272120201,-0.43849310278892517,0.17937228083610535,0.5903677940368652,0.0178065188229084,0.0007595112250312508
0.6794657762938231,-0.44106051325798035,0.17856153845787048,0.5921909809112549,0.017809037119150162,0.0007596654801914071
0.6811352253756261,-0.443632036447525,0.17775371670722961,0.5940157771110535,0.017811549827456474,0.0007601416004333506
0.6828046744574291,-0.4462073743343353,0.1769489347934723,0.5958420038223267,0.017814060673117638,0.0007609473157344504
0.6844741235392321,-0.44878658652305603,0.1761471927165985,0.5976697206497192,0.01781656965613365,0.0007620862582527477
0.6861435726210351,-0.45136991143226624,0.17534849047660828,0.5994988083839417,0.017819074913859367,0.0007635592661785596
0.6878130217028381,-0.4539571702480316,0.1745527684688568,0.6013296246528625,0.017821580171585083,0.0007653437083733228
0.6894824707846411,-0.4565482437610626,0.1737600862979889,0.603161633014679,0.0178240817040205,0.0007674726467884363
0.6911519198664441,-0.4591433107852936,0.17297038435935974,0.6049953103065491,0.017826585099101067,0.0007699109705628371
0.6928213689482471,-0.46174225211143494,0.1721837818622589,0.6068302989006042,0.017829090356826782,0.00077268932020923
0.6944908180300501,-0.46434518694877625,0.17140021920204163,0.6086667776107788,0.017831595614552498,0.0007757923289051339
0.6961602671118531,-0.4669521152973175,0.1706196367740631,0.6105045676231384,0.017834097146987915,0.0007792208348408659
0.6978297161936561,-0.4695628583431244,0.1698422133922577,0.6123437881469727,0.01783660799264908,0.0007829849894324892
0.6994991652754591,-0.4721775949001312,0.16906782984733582,0.6141843795776367,0.01783911883831024,0.0007870776214961795
0.7011686143572621,-0.47479626536369324,0.16829654574394226,0.6160262227058411,0.017841631546616554,0.0007915067404060783
0.7028380634390651,-0.47741881012916565,0.16752836108207703,0.6178691983222961,0.017844149842858315,0.0007962777478331185
0.7045075125208682,-0.480045348405838,0.1667632758617401,0.6197136640548706,0.017846671864390373,0.000801372669251621
0.7061769616026712,-0.4826757609844208,0.16600129008293152,0.6215593218803406,0.01784919947385788,0.0008068020286066569
0.7078464106844742,-0.48531004786491394,0.16524240374565125,0.6234062314033508,0.017851728945970535,0.0008125657327659797
0.7095158597662772,-0.48794832825660706,0.16448667645454407,0.6252543330192566,0.017854267731308937,0.0008186720705005035
0.7111853088480802,-0.49059048295021057,0.16373410820960999,0.6271035671234131,0.017856813967227936,0.000825114895081236
0.7128547579298832,-0.4932362735271454,0.16298463940620422,0.6289539337158203,0.017859362065792084,0.0008319010982952291
0.7145242070116862,-0.49588629603385925,0.16223850846290588,0.6308051347732544,0.017861923202872276,0.0008390512623713819
0.7161936560934892,-0.49854013323783875,0.1614953577518463,0.6326578855514526,0.017864489927887917,0.0008465065277229789
0.7178631051752922,-0.5011978149414062,0.1607554852962494,0.6345113515853882,0.017867064103484154,0.000854331900665728
0.7195325542570952,-0.5038594007492065,0.16001859307289124,0.6363661885261536,0.017869645729660988,0.0008624684284806561
0.7212020033388982,-0.506524920463562,0.15928521752357483,0.6382216215133667,0.017872242256999016,0.0008709932246769415
0.7228714524207012,-0.5091942548751831,0.15855494141578674,0.6400779485702515,0.01787484623491764,0.0008798641003419539
0.7245409015025042,-0.5118674039840698,0.15782782435417175,0.641935408115387,0.01787746138870716,0.0008890655023886973
0.7262103505843072,-0.5145444869995117,0.1571039855480194,0.6437937021255493,0.017880085855722427,0.0008986275125363319
0.7278797996661102,-0.5172255039215088,0.1563834846019745,0.6456527709960938,0.017882725223898888,0.0009085532041493539
0.7295492487479132,-0.5199103355407715,0.15566614270210266,0.6475125551223755,0.017885373905301094,0.000918831867018155
0.7312186978297163,-0.5225989818572998,0.1549520194530487,0.6493734121322632,0.017888037487864494,0.0009294475755267207
0.7328881469115193,-0.5252914428710938,0.15424129366874695,0.6512346267700195,0.01789071224629879,0.000940452483739207
0.7345575959933223,-0.5279878377914429,0.15353378653526306,0.6530966758728027,0.01789340004324913,0.0009518051478010548
0.7362270450751253,-0.5306881666183472,0.15282967686653137,0.6549593806266785,0.017896104604005814,0.0009635275469250248
0.7378964941569283,-0.5333923101425171,0.15212878584861755,0.6568225622177124,0.017898820340633392,0.0009756140931756696
0.7395659432387313,-0.5361001491546631,0.15143129229545593,0.6586863994598389,0.017901552841067314,0.0009880690706368324
0.7412353923205343,-0.5388119220733643,0.15073713660240173,0.660550594329834,0.01790430396795273,0.001000900395550397
0.7429048414023373,-0.541527509689331,0.1500461995601654,0.662415623664856,0.017907066270709038,0.0010140761235520547
0.7445742904841403,-0.5442469120025635,0.14935877919197083,0.6642806529998779,0.01790984533727169,0.0010276605158994535
0.7462437395659433,-0.546970009803772,0.14867475628852844,0.6661460995674133,0.017912643030285835,0.001041622187021829
0.7479131886477463,-0.5496970415115356,0.1479940116405487,0.6680121421813965,0.01791546121239662,0.001055936456870954
0.7495826377295493,-0.5524280071258545,0.14731666445732117,0.6698783040046692,0.017918292433023453,0.0010706441173755966
0.7512520868113522,-0.5551626682281494,0.1466427743434906,0.671744704246521,0.017921142280101776,0.0010857367866325851
0.7529215358931552,-0.5579010248184204,0.14597240090370178,0.6736108660697937,0.01792401261627674,0.0011012465021384866
0.7545909849749582,-0.5606434345245361,0.14530536532402039,0.6754776835441589,0.017926903441548347,0.0011171093751646821
0.7562604340567612,-0.5633894205093384,0.14464178681373596,0.6773444414138794,0.017929812893271446,0.0011333727168979623
0.7579298831385642,-0.5661391019821167,0.14398160576820374,0.6792111992835999,0.017932739108800888,0.001150026189657749
0.7595993322203674,-0.5688928365707397,0.14332500100135803,0.681077778339386,0.01793568767607212,0.0011670920520535867
0.7612687813021703,-0.5716502666473389,0.1426718533039093,0.6829444169998169,0.017938658595085144,0.0011845446927146509
0.7629382303839733,-0.5744113922119141,0.14202216267585754,0.6848108768463135,0.01794165000319481,0.0012024009685795535
0.7646076794657763,-0.5771763324737549,0.1413760483264923,0.6866770386695862,0.017944661900401115,0.0012206730799740218
0.7662771285475793,-0.5799450874328613,0.14073345065116882,0.688542902469635,0.017947698011994362,0.0012393510617465077
0.7679465776293823,-0.5827175378799438,0.14009425044059753,0.6904088258743286,0.01795075461268425,0.0012584161011810037
0.7696160267111853,-0.5854935646057129,0.1394588053226471,0.6922737956047058,0.01795383356511593,0.0012779342290480502
0.7712854757929883,-0.5882736444473267,0.13882675766944885,0.694138765335083,0.017956938594579697,0.0012978383901222747
0.7729549248747913,-0.591057300567627,0.1381983458995819,0.6960029602050781,0.017960064113140106,0.001318181576658173
0.7746243739565943,-0.5938446521759033,0.13757357001304626,0.6978666186332703,0.017963217571377754,0.0013389467454526295
0.7762938230383973,-0.5966356992721558,0.13695231080055237,0.699729859828949,0.017966393381357193,0.0013601251420734429
0.7779632721202003,-0.5994306802749634,0.13633468747138977,0.701592206954956,0.017969593405723572,0.001381741912230128
0.7796327212020033,-0.6022292375564575,0.13572070002555847,0.7034539580345154,0.01797282136976719,0.0014037833654808375
0.7813021702838063,-0.6050314903259277,0.13511040806770325,0.7053145170211792,0.017976071685552597,0.0014262888036382206
0.7829716193656093,-0.6078373193740845,0.13450369238853455,0.7071744799613953,0.017979348078370094,0.0014492084940767925
0.7846410684474123,-0.6106472015380859,0.1339007318019867,0.7090332508087158,0.01798265613615513,0.0014725884441317396
0.7863105175292154,-0.6134603023529053,0.13330134749412537,0.7108911871910095,0.017985986545681953,0.0014963989446129422
0.7879799666110184,-0.6162773370742798,0.13270559906959534,0.712748110294342,0.017989343032240868,0.00152064949501064
0.7896494156928214,-0.6190979480743408,0.13211366534233093,0.7146036624908447,0.01799272745847702,0.0015453730641439845
0.7913188647746244,-0.621922492980957,0.13152536749839783,0.7164582014083862,0.01799614168703556,0.0015705351930777158
0.7929883138564274,-0.6247503757476807,0.13094094395637512,0.7183111310005188,0.01799958571791649,0.0015961783501212358
0.7946577629382304,-0.6275820732116699,0.13036009669303894,0.7201628684997559,0.018003053963184357,0.0016222671450167093
0.7963272120200334,-0.6304173469543457,0.1297830045223236,0.7220131158828735,0.018006552010774612,0.0016488229050510951
0.7979966611018364,-0.6332560777664185,0.12920978665351868,0.7238616943359375,0.018010079860687256,0.0016758636978823406
0.7996661101836394,-0.6360988616943359,0.12864026427268982,0.7257087826728821,0.018013637512922287,0.00170336698550414
0.8013355592654424,-0.6389449834823608,0.1280745565891266,0.7275541424751282,0.018017223104834557,0.0017313507424421837
0.8030050083472454,-0.6417946815490723,0.12751266360282898,0.729397714138031,0.018020842224359512,0.0017598201841028894
0.8046744574290484,-0.6446481943130493,0.126954585313797,0.7312394976615906,0.018024489283561707,0.0017887686049637198
0.8063439065108514,-0.6475051641464233,0.12640032172203064,0.7330794334411621,0.018028169870376587,0.0018182014066956077
0.8080133555926544,-0.6503657102584839,0.1258498728275299,0.7349172830581665,0.018031878396868706,0.0018481299514339633
0.8096828046744574,-0.653229832649231,0.12530335783958435,0.7367529273033142,0.01803562045097351,0.0018785662532399994
0.8113522537562604,-0.656097412109375,0.12476059794425964,0.7385866641998291,0.018039392307400703,0.0019094814411139028
0.8130217028380634,-0.6589688062667847,0.12422171235084534,0.7404180765151978,0.018043197691440582,0.0019409060624361208
0.8146911519198665,-0.6618435382843018,0.12368670105934143,0.7422472238540649,0.01804703287780285,0.001972832759758325
0.8163606010016695,-0.6647219657897949,0.12315568327903748,0.744073748588562,0.01805090345442295,0.0020052861199964635
0.8180300500834725,-0.6676038503646851,0.1226285994052887,0.7458977699279785,0.01805480569601059,0.0020382616728021885
0.8196994991652755,-0.6704891920089722,0.12210538983345032,0.7477193474769592,0.018058739602565765,0.0020717433528610885
0.8213689482470785,-0.6733782291412354,0.12158617377281189,0.7495380640029907,0.018062710762023926,0.0021057619403842542
0.8230383973288815,-0.6762704849243164,0.12107083201408386,0.7513542175292969,0.018066711723804474,0.0021402917308686264
0.8247078464106845,-0.6791665554046631,0.12055948376655579,0.753167450428009,0.018070748075842857,0.0021753622472398203
0.8263772954924875,-0.6820659637451172,0.12005206942558289,0.7549777626991272,0.018074816092848778,0.00221096417627209
0.8280467445742905,-0.6849688291549683,0.11954864859580994,0.756784975528717,0.018078919500112534,0.002247111720634698
0.8297161936560935,-0.6878752708435059,0.11904922127723694,0.7585893869400024,0.018083060160279274,0.0022837871386325983
0.8313856427378965,-0.6907849311828613,0.11855384707450867,0.7603904008865356,0.0180872343480587,0.002321021815836555
0.8330550918196995,-0.6936982870101929,0.11806252598762512,0.7621879577636719,0.018091442063450813,0.0023588217592771746
0.8347245409015025,-0.6966149806976318,0.11757513880729675,0.7639824151992798,0.01809568703174591,0.0023971560490449796
0.8363939899833055,-0.6995351314544678,0.11709192395210266,0.7657729387283325,0.018099965527653694,0.0024360846623137757
0.8380634390651085,-0.702458381652832,0.11661264300346375,0.7675603032112122,0.018104281276464462,0.002475546131793638
0.8397328881469115,-0.7053855657577515,0.11613747477531433,0.769343912601471,0.018108632415533066,0.0025155855334971777
0.8414023372287146,-0.7083158493041992,0.11566641926765442,0.7711237668991089,0.018113020807504654,0.002556202588027634
0.8430717863105176,-0.711249589920044,0.11519935727119446,0.7728997468948364,0.018117442727088928,0.0025973898913705163
0.8447412353923206,-0.714186429977417,0.11473652720451355,0.774671733379364,0.018121903762221336,0.0026391717044789045
0.8464106844741236,-0.7171269655227661,0.11427775025367737,0.7764396071434021,0.01812640018761158,0.002681537736238349
0.8480801335559266,-0.7200708389282227,0.11382296681404114,0.7782036662101746,0.01813093200325966,0.0027244725732602395
0.8497495826377296,-0.7230178117752075,0.11337259411811829,0.7799630761146545,0.01813550665974617,0.002768039964574809
0.8514190317195326,-0.7259682416915894,0.11292621493339539,0.7817181944847107,0.018140112981200218,0.002812192226466237
0.8530884808013356,-0.7289220094680786,0.11248400807380676,0.7834691405296326,0.0181447621434927,0.002856939324086072
0.8547579298831386,-0.7318788766860962,0.11204597353935242,0.7852151393890381,0.018149441108107567,0.0029023161354647335
0.8564273789649416,-0.7348394393920898,0.11161211133003235,0.7869567275047302,0.018154162913560867,0.002948292206354031
0.8580968280467446,-0.7378029823303223,0.11118242144584656,0.7886937260627747,0.018158921971917152,0.0029948793179845334
0.8597662771285476,-0.7407697439193726,0.11075696349143982,0.7904255986213684,0.018163718283176422,0.003042103128293172
0.8614357262103506,-0.7437399625778198,0.11033573746681213,0.7921525835990906,0.018168555572628975,0.003089952368276794
0.8631051752921536,-0.7467131614685059,0.1099187433719635,0.7938745617866516,0.018173430114984512,0.003138431275453113
0.8647746243739566,-0.7496896982192993,0.10950598120689392,0.795591413974762,0.018178343772888184,0.0031875461362495085
0.8664440734557596,-0.7526693344116211,0.10909733176231384,0.7973031997680664,0.01818329468369484,0.003237283958716064
0.8681135225375626,-0.7556524276733398,0.10869309306144714,0.7990092039108276,0.01818828471004963,0.0032876953602347103
0.8697829716193657,-0.7586385011672974,0.1082930862903595,0.8007099628448486,0.018193313851952553,0.0033387471391556735
0.8714524207011687,-0.7616279125213623,0.1078973114490509,0.8024051785469055,0.01819838210940361,0.0033904442314885764
0.8731218697829717,-0.7646204233169556,0.10750576853752136,0.8040947914123535,0.018203487619757652,0.003442798139067227
0.8747913188647747,-0.7676159143447876,0.10711857676506042,0.8057785034179688,0.018208632245659828,0.0034958209225189663
0.8764607679465777,-0.7706148624420166,0.10673573613166809,0.8074561953544617,0.018213817849755287,0.003549523431751789
0.8781302170283807,-0.7736164331436157,0.10635718703269958,0.8091281652450562,0.01821904629468918,0.003603885317367439
0.8797996661101837,-0.7766215801239014,0.10598292946815491,0.8107938766479492,0.018224310129880905,0.003658928558578678
0.8814691151919867,-0.7796294689178467,0.10561302304267883,0.8124534487724304,0.018229614943265915,0.0037146508736451977
0.8831385642737897,-0.7826405763626099,0.10524740815162659,0.8141067028045654,0.01823495700955391,0.003771059666581467
0.8848080133555927,-0.7856547832489014,0.10488620400428772,0.8157535195350647,0.018240340054035187,0.0038281615032116356
0.8864774624373957,-0.7886719703674316,0.10452935099601746,0.8173937797546387,0.018245765939354897,0.003885958991238914
0.8881469115191987,-0.7916921377182007,0.10417690873146057,0.819027304649353,0.01825122907757759,0.003944465308877732
0.8898163606010017,-0.794715404510498,0.10382875800132751,0.8206543922424316,0.01825673319399357,0.00400365731276211
0.8914858096828047,-0.7977415323257446,0.10348501801490784,0.822274386882782,0.01826227828860283,0.004063569927488598
0.8931552587646077,-0.8007708787918091,0.10314568877220154,0.8238874673843384,0.018267860636115074,0.004124196820063686
0.8948247078464107,-0.8038028478622437,0.10281077027320862,0.8254934549331665,0.01827348582446575,0.004185543392158308
0.8964941569282138,-0.8068379163742065,0.1024802029132843,0.8270924687385559,0.018279148265719414,0.004247600470245117
0.8981636060100168,-0.8098760843276978,0.10215416550636292,0.8286839723587036,0.018284855410456657,0.0043104006506141995
0.8998330550918198,-0.8129168748855591,0.10183241963386536,0.830268144607544,0.018290596082806587,0.0043739249342850456
0.9015025041736228,-0.8159605264663696,0.10151520371437073,0.8318448066711426,0.018296383321285248,0.004438191435481731
0.9031719532554258,-0.819007396697998,0.10120245814323425,0.8334137797355652,0.018302209675312042,0.00450320262220908
0.9048414023372288,-0.8220568895339966,0.10089412331581116,0.834975004196167,0.01830807514488697,0.004568960869339655
0.9065108514190318,-0.8251093626022339,0.10059025883674622,0.8365284204483032,0.018313979730010033,0.004635468831142797
0.9081803005008348,-0.8281646966934204,0.10029080510139465,0.8380742073059082,0.018319927155971527,0.004702711187362152
0.9098497495826378,-0.831222653388977,0.09999588131904602,0.8396115899085999,0.018325913697481155,0.004770735435449026
0.9115191986644408,-0.8342834711074829,0.09970542788505554,0.8411409854888916,0.018331939354538918,0.004839514241085852
0.9131886477462438,-0.8373470306396484,0.0994194746017456,0.8426620364189148,0.018338007852435112,0.004909066556687026
0.9148580968280468,-0.8404133319854736,0.0991380512714386,0.8441746234893799,0.01834411732852459,0.00497939955343637
0.9165275459098498,-0.843482494354248,0.09886103868484497,0.8456788659095764,0.018350262194871902,0.005050494744580781
0.9181969949916527,-0.8465543985366821,0.09858855605125427,0.8471744060516357,0.018356449902057648,0.0051223820255749015
0.9198664440734557,-0.8496290445327759,0.09832069277763367,0.8486611247062683,0.018362680450081825,0.005195065354539674
0.9215358931552587,-0.8527061939239502,0.09805724024772644,0.8501391410827637,0.018368948251008987,0.005268527548573598
0.9232053422370617,-0.8557860851287842,0.0977984070777893,0.851608157157898,0.018375255167484283,0.005342797106147457
0.9248747913188649,-0.8588685989379883,0.09754413366317749,0.8530680537223816,0.018381604924798012,0.005417870814198378
0.9265442404006679,-0.8619539737701416,0.09729430079460144,0.8545190691947937,0.018387993797659874,0.0054937297203119465
0.9282136894824708,-0.8650416135787964,0.09704902768135071,0.8559608459472656,0.01839442364871502,0.0055703979923089845
0.9298831385642738,-0.8681319952011108,0.09680840373039246,0.8573929071426392,0.01840089075267315,0.005647903337036087
0.9315525876460768,-0.8712249994277954,0.09657219052314758,0.8588159680366516,0.018407398834824562,0.005726191830916183
0.9332220367278798,-0.874320387840271,0.09634071588516235,0.8602288365364075,0.018413947895169258,0.005805345570034226
0.9348914858096828,-0.8774185180664062,0.09611374139785767,0.8616324663162231,0.018420536071062088,0.0058852976854293585
0.9365609348914858,-0.8805190324783325,0.09589138627052307,0.863025963306427,0.018427161499857903,0.00596610247320768
0.9382303839732888,-0.8836220502853394,0.09567350149154663,0.8644099235534668,0.01843382976949215,0.006047716021509797
0.9398998330550918,-0.8867276906967163,0.09546038508415222,0.8657836318016052,0.01844053715467453,0.006130194908182118
0.9415692821368948,-0.8898355960845947,0.09525176882743835,0.8671472668647766,0.018447283655405045,0.0062135071888603345
0.9432387312186978,-0.8929460048675537,0.09504768252372742,0.8685007691383362,0.018454069271683693,0.006297659848463755
0.9449081803005008,-0.8960589170455933,0.09484830498695374,0.8698437213897705,0.018460892140865326,0.006382680081611559
0.9465776293823038,-0.8991740942001343,0.09465354681015015,0.8711763024330139,0.018467755988240242,0.006468556991829622
0.9482470784641068,-0.9022916555404663,0.09446331858634949,0.8724985718727112,0.018474658951163292,0.0065552798689083374
0.9499165275459098,-0.9054117202758789,0.09427779912948608,0.8738101124763489,0.018481601029634476,0.006642875115842695
0.9515859766277129,-0.9085339307785034,0.09409686923027039,0.8751105666160583,0.018488578498363495,0.006731353955069731
0.9532554257095159,-0.9116584062576294,0.09392052888870239,0.8764006495475769,0.018495598807930946,0.006820681601691259
0.9549248747913189,-0.9147853851318359,0.09374895691871643,0.8776793479919434,0.01850265823304653,0.00691091388849564
0.9565943238731219,-0.917914628982544,0.09358188509941101,0.8789471387863159,0.018509751185774803,0.007002012351860543
0.9582637729549249,-0.9210457801818848,0.09341949224472046,0.880203902721405,0.018516885116696358,0.007093993289931023
0.9599332220367279,-0.9241796731948853,0.09326183795928955,0.8814491629600525,0.018524058163166046,0.007186882453776267
0.9616026711185309,-0.9273155927658081,0.09310874342918396,0.882683277130127,0.01853126846253872,0.007280646455481977
0.9632721202003339,-0.9304535388946533,0.09296029806137085,0.8839057087898254,0.018538514152169228,0.007375320079946313
0.9649415692821369,-0.9335935115814209,0.09281653165817261,0.8851167559623718,0.01854579895734787,0.007470886377098418
0.9666110183639399,-0.936735987663269,0.09267750382423401,0.8863160014152527,0.018553122878074646,0.007567372308726828
0.9682804674457429,-0.9398802518844604,0.09254303574562073,0.8875035643577576,0.01856048032641411,0.007664756407846196
0.9699499165275459,-0.9430269002914429,0.0924132764339447,0.8886792063713074,0.018567876890301704,0.007763058045966076
0.9716193656093489,-0.9461755752563477,0.09228816628456116,0.8898431062698364,0.018575310707092285,0.007862261995962372
0.9732888146911519,-0.9493261575698853,0.09216782450675964,0.890994668006897,0.018582783639431,0.007962410539879972
0.9749582637729549,-0.9524790048599243,0.09205213189125061,0.8921340107917786,0.0185902900993824,0.008063484352775452
0.9766277128547579,-0.9556335210800171,0.09194108843803406,0.8932612538337708,0.018597831949591637,0.008165478358940782
0.9782971619365609,-0.9587901830673218,0.09183481335639954,0.8943759799003601,0.018605412915349007,0.008268416027704839
0.979966611018364,-0.9619487524032593,0.09173309803009033,0.8954786658287048,0.018613029271364212,0.00837226243447109
0.981636060100167,-0.9651093482971191,0.09163609147071838,0.8965685963630676,0.018620679154992104,0.008477061118569874
0.98330550918197,-0.9682719707489014,0.09154385328292847,0.8976460099220276,0.01862836815416813,0.008582803139304485
0.984974958263773,-0.9714362621307373,0.0914563238620758,0.8987106084823608,0.01863609254360199,0.008689497204540998
0.986644407345576,-0.974602460861206,0.09137341380119324,0.8997624516487122,0.018643848598003387,0.008797132417805288
0.988313856427379,-0.9777706861495972,0.09129530191421509,0.9008011221885681,0.01865164190530777,0.008905741468519723
0.989983305509182,-0.9809402227401733,0.09122183918952942,0.9018272757530212,0.018659472465515137,0.009015281562412004
0.991652754590985,-0.984112024307251,0.091153085231781,0.9028400778770447,0.01866733282804489,0.009125796797606034
0.993322203672788,-0.9872853755950928,0.09108898043632507,0.9038400650024414,0.01867523230612278,0.009237254717510092
0.994991652754591,-0.9904605150222778,0.09102976322174072,0.9048263430595398,0.018683165311813354,0.009349714367975404
0.996661101836394,-0.9936375617980957,0.0909750759601593,0.9057996869087219,0.018691128119826317,0.009463116190923326
0.998330550918197,-0.9968160390853882,0.09092527627944946,0.9067592024803162,0.018699128180742264,0.009577520116961537
1.0,-0.9999964237213135,0.09088003635406494,0.9077057242393494,0.018707161769270897,0.009692867752164602
